"","x"
"1",1.93351493259903
"2",1.31830476285074
"3",1.79235046260341
"4",0.349565154725466
"5",1.92893297052868
"6",1.44398129764624
"7",-0.430386539018875
"8",1.545837213071
"9",-0.284716105535855
"10",0.264418727119772
"11",-0.486519324312318
"12",0.00783582796597976
"13",2.18553916576972
"14",1.59496283123133
"15",-0.745199603315246
"16",5.51667719090626
"17",2.31460817402665
"18",2.06000779572915
"19",-0.89138387943654
"20",0.47732582241834
"21",-0.794437629825358
"22",1.50732769448438
"23",0.70021693868144
"24",1.86521340350796
"25",1.33662375320706
"26",0.359314811018215
"27",-0.184488555373802
"28",1.42952366101886
"29",1.89422711981785
"30",1.20686753664467
"31",-0.157678686771262
"32",4.45365831150473
"33",-3.73951687933682
"34",-0.788259221196111
"35",2.18034226771629
"36",-0.10945319361864
"37",1.60474181613351
"38",1.89325172968509
"39",1.33093145997939
"40",1.10243539665089
"41",2.01042362283443
"42",1.02651230921174
"43",-0.60092972953979
"44",-1.50308156236222
"45",0.61913315765214
"46",0.231385831288169
"47",-1.01891079002511
"48",1.40255073108799
"49",1.04037956129561
"50",2.36116741388348
"51",0.337497082583249
"52",1.26421071181058
"53",2.69186390383154
"54",2.42731996431428
"55",3.31424509657561
"56",0.832453355951456
"57",-1.82503355339924
"58",-0.377909389378458
"59",-1.95944440722359
"60",-4.65242950976964
"61",-0.0711190622486765
"62",-0.582371014319586
"63",-0.678737624733016
"64",2.13933180018282
"65",0.482760130597953
"66",-0.403331496541392
"67",0.676000516896438
"68",-0.281682812485051
"69",-0.542730118135401
"70",3.14700719420008
"71",-0.49744051216393
"72",-0.24465951077033
"73",-2.32543380262088
"74",-2.47697374053059
"75",0.656773582017065
"76",0.196638639538713
"77",1.35964255266829
"78",0.206847766578252
"79",3.1413190186276
"80",-0.206922587028133
"81",0.529709645052558
"82",0.78349705874283
"83",0.895000916332452
"84",-0.454851419353576
"85",1.21692760059584
"86",0.950090505384687
"87",2.71424713948648
"88",14.9580739348626
"89",-1.31449672091578
"90",-0.386185273356587
"91",-0.366566084155127
"92",1.72787328374983
"93",-0.254126579626171
"94",0.550786008869626
"95",2.1843242847801
"96",0.679281068942719
"97",0.399853303893853
"98",0.702536703064007
"99",0.040298980228589
"100",-0.133825206628942
"101",-0.0234791584910262
"102",0.0967079161607449
"103",0.601844533174861
"104",1.45696711896782
"105",0.371435960185038
"106",-0.727989951957457
"107",0.811802142800714
"108",0.792392799693936
"109",-1.33619049935659
"110",2.21145431768152
"111",0.110534529840537
"112",0.839524151819529
"113",6.77644260458943
"114",1.62683850401498
"115",0.558304770909678
"116",-1.90204596231117
"117",0.571677550539094
"118",-0.171994701315651
"119",2.1353713474625
"120",2.67881600106617
"121",-0.378737739194879
"122",-3.47632713399364
"123",-1.00992643220942
"124",0.622887123971611
"125",4.71669577154519
"126",2.52426878840449
"127",0.792429293484398
"128",2.69878409578235
"129",1.06931933493347
"130",2.27792449105886
"131",-0.274222222690666
"132",1.00771446522503
"133",0.000892223096739233
"134",-0.187811007325023
"135",-1.18742379779305
"136",1.73754308802718
"137",1.69888455022952
"138",1.15628860794443
"139",-0.19670744121267
"140",0.901018346312407
"141",0.444585370721943
"142",0.212758349825116
"143",0.362641638024632
"144",-0.503816449346929
"145",-0.908113117530653
"146",0.590545148526206
"147",-3.02440157720353
"148",1.3740908680258
"149",-1.00307887347728
"150",1.74729132278905
"151",5.11207185934718
"152",2.47703859835209
"153",1.45862285446182
"154",0.956609053432889
"155",-0.646681736756229
"156",-0.0497648383149909
"157",2.62552031140436
"158",1.65003854684233
"159",-0.187042243328596
"160",2.46705080539636
"161",0.310941927574436
"162",-0.451581523837271
"163",4.6109949779139
"164",-0.424250841511945
"165",-0.784311035995082
"166",-0.159028417904344
"167",-0.190247211752029
"168",1.80779835234318
"169",-0.963015778718739
"170",-1.84331779368322
"171",0.625627172291449
"172",-3.53146153261058
"173",-0.571919248893971
"174",-0.0467065616887622
"175",2.95418153846688
"176",-1.03110995673835
"177",-0.399064940910535
"178",0.374873010088604
"179",0.819489732209392
"180",0.158683745856782
"181",-1.47374211137085
"182",-0.0489823080740861
"183",-0.989079163917595
"184",4.80082327486569
"185",0.384118561070063
"186",-0.458845412421627
"187",-0.404360273577303
"188",8.10229687480876
"189",1.56774495136237
"190",0.653795520192971
"191",1.91506626415733
"192",0.60445725392606
"193",0.789794883201784
"194",0.834186656935345
"195",5.33612023179483
"196",0.613658128427142
"197",9.13914155274819
"198",3.07452318287926
"199",1.84105004257577
"200",1.15275168075419
"201",0.781421968714433
"202",1.05153493814521
"203",-0.00151677740760272
"204",0.107815432566437
"205",0.126647111020043
"206",-2.23757266043268
"207",1.33270936817924
"208",1.66218844263706
"209",2.29123177800402
"210",0.704098901940956
"211",0.561757024214339
"212",-1.24560307474231
"213",0.779986060604305
"214",0.258349815709022
"215",0.26347857586985
"216",1.45989379239492
"217",3.44158809902971
"218",1.16115402024406
"219",-4.15682072952969
"220",0.0913162180267427
"221",-0.609371352210694
"222",1.10456820889068
"223",0.453806582233555
"224",0.18609544018023
"225",-0.875834674252752
"226",13.3860739778053
"227",0.0770982063511155
"228",0.0922400261253882
"229",5.53044312383363
"230",2.2405646496092
"231",2.34546122889006
"232",3.35842554471125
"233",0.53456987390542
"234",0.440219987777777
"235",1.26950430079748
"236",-0.944180368761982
"237",-0.566858742779108
"238",0.207642932638806
"239",-2.92295371845486
"240",-0.767010095120496
"241",2.75203652084435
"242",0.959379898769097
"243",0.31012885985482
"244",-3.15798463587862
"245",-0.11396267270317
"246",1.49116316776924
"247",-1.34130024392007
"248",2.01518661239077
"249",1.86928990237426
"250",-0.207992923618436
"251",1.81920004568926
"252",3.18558166302136
"253",-0.158320573747091
"254",0.00346457915779134
"255",-1.69882410975436
"256",0.28286471430055
"257",-0.0357456630571615
"258",-1.12338145484476
"259",-0.476341523827137
"260",1.71750901318088
"261",2.12532794905173
"262",-0.671019005939831
"263",0.723962945485139
"264",2.20165719674955
"265",1.90115764370106
"266",-1.30956119217892
"267",-0.547844866622341
"268",2.45912899212671
"269",-0.669066282253399
"270",-0.211128148467355
"271",-0.698605815867327
"272",0.26350141889417
"273",0.251241509345736
"274",-2.16838263309498
"275",2.30292212867392
"276",0.365671190635614
"277",2.29786310907223
"278",1.45338911799099
"279",-0.122400269345334
"280",1.60725078477992
"281",0.0333725003313878
"282",0.134478059731481
"283",-3.4295995968936
"284",-0.608822748681719
"285",0.272765453135304
"286",1.5819011255268
"287",1.40139867772769
"288",0.281658096641267
"289",-0.279679981733055
"290",-0.998622676837618
"291",2.32343979342174
"292",4.42647988464503
"293",-2.13088006964963
"294",-2.72007304683285
"295",0.976309868792708
"296",0.223956946498605
"297",1.15684528693351
"298",0.352822687880126
"299",5.22228749490836
"300",3.39289680080246
"301",-2.73645691681213
"302",1.72078300845358
"303",3.69186536744792
"304",2.69990815363416
"305",1.17242046299201
"306",0.463306399277146
"307",-0.217040822210858
"308",0.819910100700802
"309",-1.05549173986813
"310",1.38840446657284
"311",0.682424004617524
"312",0.874667900607138
"313",0.547084969660924
"314",1.31433618189216
"315",0.204820169601002
"316",-0.451684141087117
"317",0.658332436792678
"318",1.17773001330556
"319",-1.03711275734878
"320",-0.156586314457638
"321",2.32756114286973
"322",1.69350907724396
"323",0.232878806439261
"324",5.0698643474652
"325",1.20984700442245
"326",4.49384608467999
"327",2.60598746077238
"328",1.01672592476046
"329",2.46433899196456
"330",3.60589809810025
"331",1.21648452636567
"332",0.509807418960128
"333",1.45396576211373
"334",5.5317020147907
"335",1.33847065509903
"336",4.10504015402177
"337",1.49793533657863
"338",1.37793722576576
"339",1.1773718920299
"340",-0.327764331183062
"341",0.822127362116593
"342",0.82793388017159
"343",-0.648740753374354
"344",-0.431513121866506
"345",0.352604135376984
"346",0.0706065195777225
"347",1.98024868754968
"348",1.08165076136313
"349",-0.287667000510151
"350",0.206677622316497
"351",1.0803212896152
"352",0.171192121187442
"353",0.780020978050554
"354",1.47248883041196
"355",1.16975370071617
"356",1.6808801954495
"357",8.97232529129385
"358",1.62010090127287
"359",4.04608197677105
"360",1.28211826471025
"361",5.46578686534663
"362",3.22113455938301
"363",-1.10460302036646
"364",-1.19206963388932
"365",0.0159259251938317
"366",-4.13365391534095
"367",0.447467822834572
"368",-0.329602511838285
"369",1.19158811585011
"370",-0.933656389133718
"371",-1.10572002530406
"372",3.80682866305237
"373",0.563623804040168
"374",1.91603643998051
"375",1.44535763275253
"376",3.56143042887954
"377",2.5060419191653
"378",-1.80524784054756
"379",0.0627816572446555
"380",-0.284173787362576
"381",0.0411803263409821
"382",0.695312360394551
"383",0.576268768931733
"384",3.78681543486547
"385",-0.918957790467188
"386",1.67664677106318
"387",2.51249226608994
"388",0.306144858264804
"389",-0.536607407619482
"390",1.81664786265189
"391",5.5377282299335
"392",1.00670470402383
"393",1.49673461076022
"394",9.81855034262257
"395",2.63681256752303
"396",0.843986698114378
"397",0.10490876165049
"398",1.8825693191782
"399",1.76829186393268
"400",0.576275119359339
"401",0.903508004751013
"402",2.27763878517945
"403",0.742733482269568
"404",-2.2055143936491
"405",1.24794306978736
"406",-5.68208095108162
"407",0.306368415336496
"408",-0.0725424687291987
"409",-1.21618015886594
"410",1.53020752342757
"411",-0.465152871571869
"412",-1.5566458572024
"413",5.15987680983742
"414",-0.00271895637724845
"415",1.72008712419264
"416",3.63657402838691
"417",0.536443737194769
"418",2.50371759588339
"419",2.0062647019409
"420",9.42614415608653
"421",-1.07303266823823
"422",0.436946527006461
"423",3.7306397084557
"424",0.397171973372008
"425",1.04894509581823
"426",2.09709003701926
"427",-1.05570349108307
"428",2.71124351548379
"429",-0.946610721698644
"430",-0.841237410147375
"431",7.1475035673551
"432",0.858437055715669
"433",0.959011097833608
"434",1.4383988573968
"435",2.63594945052206
"436",0.464056508685259
"437",0.444794774498103
"438",-0.760645111524224
"439",0.0392696867746503
"440",-0.804941081027251
"441",1.29639476875532
"442",0.350740988108391
"443",0.606355047538912
"444",-1.46185977349721
"445",0.085876298633339
"446",-2.2617371251447
"447",-0.526566914198925
"448",3.63364800183083
"449",-2.87724247787605
"450",1.56198632453261
"451",0.402889898318705
"452",1.86433933089206
"453",0.491789023591959
"454",0.237493978260641
"455",2.56831944653986
"456",1.50997437689602
"457",0.370429430843113
"458",0.748740410730917
"459",1.24401374129491
"460",0.931523837710886
"461",-0.165046327223969
"462",5.49349778069254
"463",-0.412670601175942
"464",2.15896961529673
"465",1.87518016317168
"466",0.125609700287257
"467",-0.145935744448189
"468",-1.50315050680372
"469",-1.07708969413873
"470",4.99757663507476
"471",0.820360161522698
"472",3.81735380521372
"473",2.40491829429591
"474",-1.38629714380027
"475",8.90108209559556
"476",0.846925136106133
"477",-0.460428406446624
"478",-0.419018740686389
"479",-1.24474779333134
"480",-0.356102747885308
"481",0.845476913323178
"482",-0.149536664340316
"483",-0.0181709782660946
"484",1.63669208427753
"485",-0.0247969534091939
"486",2.65812282741505
"487",1.3484575908468
"488",0.241720113467638
"489",0.49415089054766
"490",-2.05057372663476
"491",-0.729019189171495
"492",5.16006350447658
"493",2.05394465644177
"494",3.53853079040898
"495",0.215330287769657
"496",0.615279873801413
"497",-1.16357006350024
"498",4.65721302819139
"499",-0.0766387184783491
"500",0.324774589262614
"501",-0.494556857702101
"502",0.127515273769489
"503",-0.657283223533211
"504",5.00402327020952
"505",1.94566437997057
"506",-2.24811745678671
"507",2.06137362927187
"508",2.25863508882937
"509",4.29284876824951
"510",1.36761621436579
"511",0.729652632865612
"512",2.93354403959673
"513",1.49185449060449
"514",0.0957942089245759
"515",1.1888623841628
"516",0.0871521510635696
"517",1.40959968002127
"518",2.43545160057331
"519",0.616932017822809
"520",-1.05454750286212
"521",-0.088824375936839
"522",-2.42610158438705
"523",0.295497615784452
"524",5.31335452773521
"525",-0.190577295252351
"526",-0.069166009359891
"527",-0.591921820065456
"528",2.54900258089497
"529",2.54458184205408
"530",-0.0271133056759918
"531",1.29113671855746
"532",2.35128592780206
"533",0.729844762105341
"534",2.6867604154145
"535",-1.00753270975463
"536",0.448624863709642
"537",2.77156957991993
"538",0.397606000367242
"539",2.9039945541454
"540",0.115625769859535
"541",2.94613863809464
"542",3.12826718657676
"543",1.52913542314027
"544",-0.456582541246806
"545",2.19450604406731
"546",-0.435730899716316
"547",0.781152262303614
"548",-1.1748908606363
"549",-0.640847090091471
"550",1.69100851123588
"551",0.403898482552613
"552",0.384206584585578
"553",0.596643668380198
"554",7.5993236601167
"555",1.86099309832087
"556",-0.19419789149932
"557",0.210357488104232
"558",3.4733396968893
"559",3.0973505027504
"560",0.443795709623669
"561",-0.0755640690673355
"562",0.614734757995301
"563",0.527826780204764
"564",-1.70690438967565
"565",-3.67065602374669
"566",-1.76733752862166
"567",0.774377811536008
"568",-0.10881679814712
"569",-0.484777932660958
"570",-0.288063760521228
"571",1.1566820276559
"572",-0.865323951635528
"573",1.17130548744331
"574",1.3637598855486
"575",0.583494588642353
"576",0.284826255236948
"577",1.13709555668679
"578",2.23370704481865
"579",-1.42035832720774
"580",0.642271201574341
"581",0.509926065747563
"582",-0.816632338960246
"583",-0.507189080734347
"584",-1.51354206431058
"585",2.21194336070733
"586",-0.765467195509132
"587",0.958867763592651
"588",5.17520485520564
"589",3.77921272593637
"590",8.03378749010914
"591",-2.15559922484851
"592",1.22584494057466
"593",0.272588293586117
"594",1.2634672653879
"595",-2.37562798932978
"596",0.606973395543336
"597",0.334901468536428
"598",1.66898892181517
"599",1.11221749758517
"600",1.06481403990514
"601",5.98483010164731
"602",0.787996874119763
"603",0.0246070902112389
"604",1.01774428640229
"605",-0.221203282008948
"606",0.116821941497196
"607",2.64451900229508
"608",-0.471175794192047
"609",2.39953463721641
"610",0.740019412533787
"611",0.462714302026237
"612",-0.372297840138194
"613",2.24376355559463
"614",0.601388573841711
"615",-0.711737931110864
"616",-7.17215762391156
"617",-0.185816063732185
"618",-0.0891637964720848
"619",-0.730223475085689
"620",-0.0832018859125355
"621",-0.298575115926981
"622",1.56567943958862
"623",0.407706398254976
"624",5.0565502355644
"625",2.50180569787063
"626",2.74909719700242
"627",2.82259771326248
"628",0.280237411182721
"629",1.04390913671299
"630",-1.16304525048068
"631",1.98339929100822
"632",-0.354829027204634
"633",0.0424720964928774
"634",2.48166566036951
"635",0.566725488407581
"636",0.80089488631408
"637",1.18058967739555
"638",3.045857683909
"639",1.23125473187853
"640",0.768619447161301
"641",3.01452274132642
"642",4.48446274903355
"643",1.13156367086246
"644",1.19711786011556
"645",2.06887451221636
"646",-0.154461437491651
"647",-3.14925468591063
"648",-0.974714430439528
"649",-1.40608188003337
"650",2.76576982626224
"651",-1.5469162580877
"652",-2.34839364801706
"653",2.16185313122898
"654",0.146723975176025
"655",2.17138190344829
"656",1.67663263677688
"657",3.18986225044922
"658",0.67576159953661
"659",-0.0918858999014958
"660",-0.366698491169997
"661",-0.157933060662888
"662",3.29680357598139
"663",-0.045605520105394
"664",-0.255874415585088
"665",-1.34775449759246
"666",-0.0643701847183093
"667",-1.68851024301595
"668",1.59631713585979
"669",7.8736360333617
"670",-0.394698899541319
"671",-2.20696345736675
"672",1.26512393167893
"673",1.70892040063714
"674",1.68696796331099
"675",-0.427599773386848
"676",2.48400354362646
"677",2.28616623792559
"678",1.88634627762059
"679",5.75504534164929
"680",0.972878948576944
"681",0.325790045844411
"682",0.650158474983038
"683",1.05008783950627
"684",1.05450388311751
"685",-0.659608997545481
"686",-0.550047695399275
"687",-0.211717513987912
"688",2.27328048315077
"689",2.29245127832153
"690",1.29827855781658
"691",7.10941402336833
"692",-1.57529459071648
"693",-0.227913543839014
"694",0.595673368330928
"695",1.55460359082061
"696",-0.43117745446937
"697",-1.15285034571871
"698",-0.593802132728168
"699",5.13265282461653
"700",2.06099632644891
"701",-1.70277722822999
"702",1.23257170774614
"703",2.68698625070301
"704",3.10724969981795
"705",3.2454226940566
"706",1.37921889010483
"707",-1.42117628141346
"708",-1.70715721127258
"709",1.29383572773941
"710",1.02845826869639
"711",0.811454499478685
"712",-2.03242610476927
"713",0.218910890545718
"714",3.29332099900373
"715",0.421776147854816
"716",-1.15941012352513
"717",4.01722008513206
"718",-2.23378345531195
"719",3.00365167584135
"720",-0.763911404855838
"721",0.31109685533877
"722",-0.158882891881086
"723",0.92804968813216
"724",-0.0581376827565019
"725",-0.377423599403954
"726",-2.18353239011347
"727",1.02705812789758
"728",1.05377537949617
"729",1.04618558640773
"730",8.37038934374238
"731",-1.39473592416333
"732",-0.495499920447327
"733",0.386143255974831
"734",0.891534741411477
"735",0.670544831466386
"736",-0.313539375528784
"737",2.74620567669775
"738",-1.06987151580794
"739",-3.41280956602236
"740",0.994897727977358
"741",1.91297874892687
"742",1.38904822741647
"743",-2.39699608204813
"744",0.920695133759113
"745",0.896537666401968
"746",0.784044871282476
"747",-2.13590823126416
"748",2.6868171382168
"749",1.58454022664864
"750",0.738770872303195
"751",-0.632277800764997
"752",1.4227084640022
"753",0.0429315170044036
"754",1.75735357731899
"755",-1.51448605505098
"756",-0.225561132570149
"757",0.743600041758502
"758",0.160316480746581
"759",0.818227258995899
"760",2.59552598535039
"761",0.865431359216307
"762",11.387102150653
"763",1.71366839080028
"764",1.69215227622369
"765",2.54256225380567
"766",1.67443283628433
"767",-0.162846699011782
"768",3.13580185917542
"769",-0.932290751028383
"770",-0.481451662514054
"771",-0.617739141527321
"772",2.82708460057857
"773",0.314980123295258
"774",1.63534222469544
"775",10.8199256865269
"776",-0.722108156594078
"777",1.0731934399808
"778",2.1447127048334
"779",2.88193060976334
"780",-0.00331290531660893
"781",0.302108524384536
"782",-0.534427121086204
"783",-3.27668120235289
"784",-0.926085093697698
"785",0.153103648685131
"786",-2.93280221684844
"787",0.957277528940868
"788",2.96709277529864
"789",1.44938609919212
"790",-3.56435573655468
"791",-0.413903595666075
"792",0.736901153054983
"793",-0.941061353381141
"794",3.07096097385184
"795",-0.435385677256327
"796",-0.303175085527593
"797",0.560803887638489
"798",4.28141547005703
"799",-1.95609987901511
"800",1.75711566369701
"801",-0.817685149796296
"802",0.0266570835293318
"803",1.74051862064121
"804",0.160127974920402
"805",0.323819997203534
"806",0.0789834052155216
"807",0.666566763242952
"808",-1.52242735330768
"809",3.72805551002901
"810",-0.58185597778235
"811",3.05345484215915
"812",1.09616503837597
"813",0.522937324382443
"814",1.10538233805701
"815",2.73187175964847
"816",5.30860467494816
"817",0.225176013671185
"818",-1.35548895237753
"819",-1.8391006273404
"820",-1.72158858223083
"821",0.601044355048814
"822",1.08053622303723
"823",4.63392462268484
"824",0.581442655736242
"825",1.21239076897523
"826",-3.24779309594569
"827",8.84594539833668
"828",1.48114404385531
"829",1.66544009078076
"830",-1.08931871917664
"831",0.58137812921872
"832",-0.908617493734062
"833",-1.69509834900643
"834",-2.20079660587762
"835",9.65851252144215
"836",4.31218111187733
"837",1.4097322432165
"838",4.56800669510099
"839",0.246839705270284
"840",1.37838075092368
"841",-5.86510534133614
"842",-0.106369506048926
"843",-0.104150551573512
"844",-0.0415204164816938
"845",-0.157488354997763
"846",3.26087658610437
"847",0.421457488752955
"848",0.464932842468927
"849",-3.58620253773404
"850",0.13402227889018
"851",-0.0264079165585642
"852",1.81164762779091
"853",2.07018562086758
"854",1.99067261612107
"855",0.674453967542086
"856",0.0488125739034338
"857",0.615816690922725
"858",0.66623360628506
"859",1.70924152629217
"860",0.586382735066672
"861",0.99004208643987
"862",1.12387974957224
"863",1.1188432860825
"864",1.29827464462973
"865",3.93100745259302
"866",6.48647009380648
"867",-0.210802881986093
"868",0.972090119552831
"869",-2.15437267995897
"870",2.55011305015162
"871",1.98521785082698
"872",3.3469540533219
"873",1.7861964662854
"874",3.52298491399703
"875",3.50632931155023
"876",-1.10116376226087
"877",1.41758341542865
"878",0.569887689132313
"879",0.186317936023103
"880",0.606999272994719
"881",3.52244127829904
"882",-0.419069458201898
"883",-1.29049021600663
"884",1.5464719946158
"885",4.24690415500562
"886",0.355873344418164
"887",0.207094741714204
"888",2.12668100204599
"889",0.738361463039722
"890",0.33486443945381
"891",-0.64165327178587
"892",0.997702772303229
"893",0.301087610796941
"894",2.71832567909239
"895",2.16354787460271
"896",1.24171072892496
"897",-0.863829324313853
"898",-0.385915752830606
"899",0.296320365683283
"900",-0.37845439120607
"901",0.364595704137823
"902",2.87397899589826
"903",-0.0592443035067146
"904",-1.64877594653262
"905",0.591743668735255
"906",1.43473541059373
"907",0.707541044734776
"908",4.1728350163287
"909",1.42326575163907
"910",2.94901150040867
"911",4.76434626863698
"912",1.38372042900534
"913",1.75678759000814
"914",-0.521330201047764
"915",-0.122378387768436
"916",2.34601432379557
"917",-0.688189433917644
"918",0.487939456465028
"919",-1.75683696656016
"920",0.180352168065747
"921",-0.555969802977268
"922",-1.47091744174548
"923",-0.50673358253851
"924",1.02372371558524
"925",1.26255828188837
"926",0.770744693249584
"927",0.94917842114521
"928",4.02127919948232
"929",0.216493513203871
"930",-2.02374153629683
"931",1.91552445818962
"932",0.843982141121847
"933",-0.537822814547278
"934",2.80212579389397
"935",1.73638994121042
"936",-0.768995330665348
"937",1.77406862627436
"938",2.25532338094323
"939",-1.83028152857129
"940",2.13833558386011
"941",0.13056768560789
"942",-0.45693162187605
"943",4.23418941222127
"944",-3.09415203673777
"945",-4.27101534559432
"946",0.0824003829729097
"947",0.878509348994144
"948",-0.312305809388379
"949",-0.393156384454817
"950",-0.987818415124671
"951",0.13278425022545
"952",2.48563799497038
"953",0.800289360459011
"954",-0.36223978852501
"955",-0.585283835942281
"956",2.22044160505711
"957",0.908217168184352
"958",1.92451267982057
"959",0.425928887396742
"960",4.45711688520815
"961",0.338289825038511
"962",0.321964213854152
"963",1.12993421142732
"964",-0.26950243542999
"965",0.88936838669681
"966",0.0584426000488044
"967",0.267613177568359
"968",0.0915609018135465
"969",3.97355169862956
"970",0.133086478581243
"971",5.33055575291666
"972",0.469766204943168
"973",-0.403463567194327
"974",-0.466690749581476
"975",1.05720053626308
"976",0.900562324567895
"977",-1.78121763517938
"978",-2.76168699480905
"979",0.343426543357882
"980",-0.54360030668891
"981",-1.58136803300814
"982",1.79203683951177
"983",1.80041771592434
"984",0.833686862540073
"985",-0.488258828551585
"986",1.03750098492313
"987",-0.137128296731406
"988",1.12971045066694
"989",0.367475019898994
"990",0.294366210490733
"991",-0.296800212808504
"992",2.80415791990999
"993",1.28504948281456
"994",1.55809568278285
"995",-0.675097494517319
"996",0.875278954438163
"997",-0.399606568915403
"998",1.76577654081199
"999",1.18917506002021
"1000",2.24031058826423
"1001",0.132449685809883
"1002",-4.2444873452763
"1003",2.25906952943919
"1004",1.38399922733965
"1005",0.931696038360304
"1006",0.553989588059682
"1007",1.52221552358635
"1008",-1.08067737695193
"1009",2.92811073467597
"1010",1.44301105000361
"1011",3.99586924342923
"1012",-3.8642229919632
"1013",0.0193542796768056
"1014",1.29681938218282
"1015",2.13533342475245
"1016",2.0225518090128
"1017",1.52451204330557
"1018",-0.062208098764587
"1019",0.517359352082687
"1020",-0.2665165242843
"1021",0.460418324165509
"1022",1.91674527363603
"1023",2.00170342168083
"1024",2.94323668469529
"1025",-0.132517548193049
"1026",3.70656260705855
"1027",1.62384972446278
"1028",-0.524144151121787
"1029",-0.757086989451174
"1030",-1.56044208309012
"1031",0.535532824489359
"1032",2.03829116432647
"1033",1.55921763101701
"1034",1.54390775584777
"1035",-0.682835427544441
"1036",0.257343116188837
"1037",1.06049719948859
"1038",0.996205890335226
"1039",0.103049486107717
"1040",0.35176918550453
"1041",0.586429192665319
"1042",1.34209882496328
"1043",1.79271093119112
"1044",-0.675574665911738
"1045",-1.44005538675794
"1046",-1.9213181363253
"1047",0.389941836172441
"1048",1.04616897408244
"1049",-0.187164589618488
"1050",-2.98053557708052
"1051",0.825859674043918
"1052",1.81864162353355
"1053",0.518649815625111
"1054",-2.01196155818227
"1055",0.26624851166704
"1056",0.551501490147354
"1057",1.45936049254995
"1058",1.74463260731339
"1059",2.60357999047024
"1060",1.79497087886508
"1061",0.0243658678943516
"1062",0.0602881088742421
"1063",-0.0539721438114883
"1064",1.27872338616785
"1065",0.982815503923465
"1066",0.204298145774179
"1067",0.909452761627872
"1068",1.96466011095044
"1069",-0.17467695194702
"1070",0.256166413879252
"1071",1.35393881665264
"1072",2.05869841010891
"1073",0.77430651601883
"1074",-0.582733386602785
"1075",-0.993720407182221
"1076",-1.73793184043598
"1077",1.71347935026881
"1078",1.0451807678441
"1079",0.972774726289162
"1080",3.17066605983467
"1081",1.12587710421246
"1082",-0.189894751928413
"1083",1.62544995194201
"1084",-4.62469510340847
"1085",0.875470748363518
"1086",0.75405953942731
"1087",0.805444694205035
"1088",-0.348266653091431
"1089",2.22693129694487
"1090",2.02683954435639
"1091",-0.934860439273473
"1092",-1.14680487164795
"1093",2.52233282942059
"1094",1.06720816051465
"1095",2.83195560037227
"1096",2.82546683418561
"1097",0.490647296548728
"1098",0.465255309790713
"1099",-0.44152134337343
"1100",-3.52288565228606
"1101",-2.48851514816801
"1102",-0.965220868857194
"1103",1.48555104993536
"1104",-0.543651080306479
"1105",-1.88358167124277
"1106",2.81516689818351
"1107",2.70181930734904
"1108",0.402821731320757
"1109",-0.182267769403601
"1110",-0.7304819001962
"1111",0.301573409677093
"1112",-3.64318600399952
"1113",0.953260691659135
"1114",1.66703282329731
"1115",-0.666967009653993
"1116",0.251501553840001
"1117",0.856617043240292
"1118",-0.583508977838358
"1119",9.77816323429978
"1120",-0.367877660350977
"1121",0.930287115725598
"1122",0.764381982003293
"1123",-0.197545371626733
"1124",14.5973536226734
"1125",1.3042362060471
"1126",1.37239268532644
"1127",2.96184619398034
"1128",0.10697577437619
"1129",-1.14548942479034
"1130",2.09542622006521
"1131",1.43024493318433
"1132",6.99237430885041
"1133",3.73603504099941
"1134",-0.774743461421776
"1135",-2.16371003976717
"1136",0.930898743160598
"1137",1.15608078919309
"1138",-2.31365327794162
"1139",-0.555730891911171
"1140",1.61473615797713
"1141",0.136460089272428
"1142",-0.807210441434011
"1143",-2.35602151877859
"1144",0.308738681847164
"1145",1.52441141889464
"1146",1.41996003849333
"1147",0.662749712666118
"1148",1.75481611122659
"1149",2.28484364488392
"1150",1.90005363114683
"1151",-1.31360589177302
"1152",0.185982428974464
"1153",1.45853788456199
"1154",2.59010345333679
"1155",0.942116063044793
"1156",2.26779771457938
"1157",-0.0760181749603858
"1158",2.19217582864212
"1159",-1.29847434655714
"1160",1.28910408788025
"1161",0.570094811055144
"1162",4.68695975858756
"1163",-0.887501744961994
"1164",0.858015873086707
"1165",0.265502010908156
"1166",-0.233471343587301
"1167",0.817360260072255
"1168",-0.194598027861754
"1169",-0.184959068555266
"1170",1.23754364409875
"1171",2.61369982965494
"1172",1.13744446079644
"1173",3.3615090393683
"1174",-0.640586080647102
"1175",1.15662264190309
"1176",2.57597229768536
"1177",-0.230124618076893
"1178",-0.0266954211434707
"1179",1.42303246715008
"1180",2.62574858127443
"1181",0.0632844649093414
"1182",2.31657425966168
"1183",2.51858087661588
"1184",1.3448828078483
"1185",1.47746648932812
"1186",1.51485716869524
"1187",4.00938837399693
"1188",0.547394966568016
"1189",-0.932832344285894
"1190",0.948954047273599
"1191",1.22535649210823
"1192",0.371166859441873
"1193",2.00900308171065
"1194",3.40292534970941
"1195",5.75923485227783
"1196",2.63601192127419
"1197",2.51304843820697
"1198",2.20026344682474
"1199",-3.19082085433874
"1200",-0.732953060449363
"1201",-0.781117526505554
"1202",-3.88570437580308
"1203",-0.0807660808622579
"1204",-1.43341998504042
"1205",1.67599183056903
"1206",-0.883857751469189
"1207",0.0961579184186677
"1208",2.29997879836901
"1209",-0.417130432185408
"1210",2.090984235978
"1211",1.4291534320633
"1212",1.50307067436864
"1213",-1.77864279673939
"1214",0.938227258100866
"1215",2.06097819225937
"1216",2.58434373101703
"1217",1.4822909979752
"1218",-0.476249865546623
"1219",0.592531666445348
"1220",-2.04399184168195
"1221",1.4550133490628
"1222",-0.234913302046967
"1223",1.46784348177425
"1224",1.87880334730127
"1225",2.31785685155892
"1226",1.92716986094907
"1227",-2.06138313327189
"1228",-1.5544352873131
"1229",-0.504331357897888
"1230",1.66483409648842
"1231",3.74950194266671
"1232",2.85530897993114
"1233",2.15154075219543
"1234",1.25518754427016
"1235",1.37599317017937
"1236",4.81072798257899
"1237",-0.228913843758545
"1238",1.90829080164759
"1239",0.76946655921912
"1240",1.69592822253126
"1241",0.896474400194695
"1242",0.481996733769823
"1243",1.33226684141068
"1244",1.64964819169955
"1245",1.96183613724523
"1246",-1.82721652436154
"1247",-2.69931867873829
"1248",-0.435107663821097
"1249",-1.59094573170933
"1250",1.00732434527767
"1251",1.31584143029092
"1252",0.415457359077914
"1253",-0.0767931689606978
"1254",3.14535174705956
"1255",2.43175023207533
"1256",2.76625100229092
"1257",-0.581594074666212
"1258",-1.30464103571024
"1259",5.59841293697182
"1260",-0.899514044291278
"1261",-0.0694637295855291
"1262",7.22103373009452
"1263",-1.4207215029785
"1264",5.90234726320537
"1265",1.73678029133451
"1266",0.316161868819136
"1267",2.12857137099244
"1268",1.34275226790415
"1269",0.57917207215053
"1270",-0.221402877747469
"1271",1.23795788496336
"1272",1.67115693280448
"1273",0.501464570104739
"1274",1.60484581378353
"1275",0.18843325272868
"1276",-0.44804115948016
"1277",-0.449079508728236
"1278",0.519295579036544
"1279",1.67044230268255
"1280",-0.0228633814924294
"1281",5.47336644265318
"1282",13.8887919250391
"1283",4.14117048897723
"1284",0.410042475902544
"1285",3.28264635722317
"1286",0.962108671394889
"1287",-0.14539128723046
"1288",-0.109963583840873
"1289",0.431239630933111
"1290",1.75319664799593
"1291",-0.02319048660296
"1292",0.22767095682329
"1293",1.41512813015788
"1294",-2.45855839988977
"1295",-0.0735961226031571
"1296",0.877284617671792
"1297",0.871229172823529
"1298",0.812957030809092
"1299",0.37240025257426
"1300",0.663612479397524
"1301",0.410553410836093
"1302",-0.107857968775557
"1303",1.99775069330346
"1304",0.161366385788475
"1305",1.92511073360845
"1306",0.842837573802158
"1307",-0.671753827217772
"1308",-2.5471532790072
"1309",0.262367139385318
"1310",-1.01392255207058
"1311",3.2658160506507
"1312",-0.574565629695904
"1313",0.671036264834251
"1314",1.23135328839629
"1315",4.96759027239896
"1316",1.64422945880964
"1317",-0.649913865136365
"1318",1.19416598491484
"1319",0.889344524284702
"1320",8.2001246864738
"1321",-0.549121187566686
"1322",2.35327767105583
"1323",-1.08323016508497
"1324",1.55204617083897
"1325",0.586068954388805
"1326",0.380816910299969
"1327",1.22331814298649
"1328",0.604222250948097
"1329",1.83553995184788
"1330",0.578246015504923
"1331",0.0961625262954343
"1332",2.22993455617335
"1333",-1.14462981566281
"1334",-1.32681897423283
"1335",-0.256493266032984
"1336",0.988726595479848
"1337",0.842707487740238
"1338",0.792068959255653
"1339",-4.71116199280551
"1340",-0.602487884114051
"1341",-1.00588084512919
"1342",1.25915743485561
"1343",-0.533719184763062
"1344",0.380169729509671
"1345",1.086782647682
"1346",-0.732661622283612
"1347",0.59990305537034
"1348",2.14722759895148
"1349",-0.985143211463129
"1350",-0.693290769804332
"1351",7.49815761921619
"1352",-0.0591696624827327
"1353",-0.300351495579489
"1354",-1.04138650508898
"1355",-0.986254848179472
"1356",-0.183417211928491
"1357",0.363150597176983
"1358",-1.69249926516455
"1359",2.1747824272198
"1360",0.62245924563887
"1361",-1.67025632462495
"1362",-1.10501978552639
"1363",-1.08421988193623
"1364",2.11966085485013
"1365",2.70296977384664
"1366",0.217627922935737
"1367",1.62558235895988
"1368",7.14185190610811
"1369",1.26423218012018
"1370",7.51681529838522
"1371",-0.807198229741043
"1372",1.85228132771088
"1373",-1.48748212941751
"1374",2.99706703281023
"1375",0.90411045357467
"1376",0.0992592949766188
"1377",1.82443683031031
"1378",2.12562304953784
"1379",-0.872205349714346
"1380",-0.171717863815725
"1381",1.13561985097043
"1382",3.49584076326699
"1383",-0.554614546506369
"1384",1.16451975742045
"1385",-0.399207214942852
"1386",2.19454990442518
"1387",1.69761314252003
"1388",-1.77808420232386
"1389",1.97054744729606
"1390",0.729246204320295
"1391",1.26981673714088
"1392",1.43650669992797
"1393",1.34795190131545
"1394",1.27870720695947
"1395",0.617868937524497
"1396",-0.100723522028304
"1397",-1.89572191112244
"1398",-2.67937886877929
"1399",-0.0762273908937571
"1400",-0.13438241073192
"1401",1.00791782744533
"1402",0.111831221966995
"1403",0.448409918819225
"1404",0.821490357337868
"1405",-1.51597026736165
"1406",1.19216095668321
"1407",-1.47544429943415
"1408",-0.543473624884045
"1409",-0.245080020090521
"1410",-1.22729087608953
"1411",0.276444505782762
"1412",2.49217087521531
"1413",0.653482983313783
"1414",0.0146909934983296
"1415",0.476857481200217
"1416",2.53853342138917
"1417",0.309191643153341
"1418",1.21764757067436
"1419",-0.5021568237082
"1420",-1.30102299334514
"1421",-0.107103290321783
"1422",-0.930621951205934
"1423",0.488593422471312
"1424",0.302157592109822
"1425",1.23218211287147
"1426",-2.61037134891846
"1427",-1.57483566317538
"1428",-1.34980585831023
"1429",-0.0925721662273422
"1430",-0.873772836719654
"1431",2.60884248491879
"1432",1.09607046612336
"1433",2.0372992802759
"1434",-1.22961287382329
"1435",0.15157879262689
"1436",0.975255175897427
"1437",0.964412376989995
"1438",-0.0465104030924546
"1439",0.729343620553117
"1440",2.42132343755105
"1441",0.150240673755181
"1442",0.785939848362235
"1443",-0.86208179183301
"1444",1.70991188766707
"1445",2.29249120812885
"1446",0.254046604137783
"1447",1.76279550723203
"1448",1.78972161579165
"1449",1.22765634671737
"1450",2.99610052132269
"1451",0.624818809724282
"1452",-0.529849987563909
"1453",-0.59017005451261
"1454",0.544428084109509
"1455",-0.0288187134265997
"1456",-0.92895575170837
"1457",1.63363928927321
"1458",0.302745379800679
"1459",0.226013105393639
"1460",3.0784422695852
"1461",0.789189372801241
"1462",0.649925444317486
"1463",1.34852895011908
"1464",-0.733360025988324
"1465",0.162616723551986
"1466",-1.55456651387349
"1467",-0.0251144199738977
"1468",0.524314792898774
"1469",-1.44137711069355
"1470",1.52119469439559
"1471",-0.970007778676605
"1472",0.661823803818308
"1473",3.98214483170123
"1474",-0.50473965775973
"1475",1.44217894087635
"1476",1.72226114558947
"1477",-0.667109916956536
"1478",1.11239622497054
"1479",1.09645165657409
"1480",-0.402964109823584
"1481",0.545036675378838
"1482",3.16318040385346
"1483",-0.0978056385317343
"1484",1.08307143243602
"1485",1.58971257901806
"1486",1.01437010487208
"1487",0.60304220933428
"1488",2.59384278173564
"1489",13.5647147321547
"1490",-3.05768212896638
"1491",0.97004715638781
"1492",2.35606655341789
"1493",0.567611271296751
"1494",-0.72267278600526
"1495",5.08522220774927
"1496",1.36723267034143
"1497",-0.520517966988143
"1498",4.61072213354642
"1499",-1.04300631162138
"1500",0.518208162785876
"1501",0.433451125447256
"1502",3.60908305046373
"1503",1.38532187143558
"1504",-1.63177123055436
"1505",-0.870822877243508
"1506",-0.998353378570376
"1507",-0.878792991911532
"1508",0.567591590016163
"1509",1.50657327618824
"1510",-0.492319602097265
"1511",0.0765163936330778
"1512",1.20922386243091
"1513",1.00194179271279
"1514",2.30363850697957
"1515",0.248880493361145
"1516",-0.39378529307368
"1517",-1.19909276921568
"1518",-0.853699775075328
"1519",0.864280275832446
"1520",-0.589315593884346
"1521",-0.498993092480553
"1522",1.14074996403
"1523",8.92961711503854
"1524",8.90340897824912
"1525",-0.175187685596125
"1526",0.980149946563829
"1527",0.335699911057528
"1528",-1.62593982813957
"1529",0.120949008914804
"1530",1.07712649972782
"1531",-0.101286003654731
"1532",2.13380863510553
"1533",-1.60264265676683
"1534",1.3981060231225
"1535",1.33045599580998
"1536",7.5062061806803
"1537",1.07179716007787
"1538",0.964777656059975
"1539",0.971561480996582
"1540",-0.55451583694171
"1541",1.58988686200369
"1542",1.00944260302063
"1543",-0.964396426453556
"1544",0.507742220337354
"1545",-0.547139752186307
"1546",-0.188859578919747
"1547",1.86664218451146
"1548",-0.34365792696259
"1549",1.49011862117012
"1550",-0.252687840147168
"1551",-1.10648755464782
"1552",3.00011520106957
"1553",0.0907511112682594
"1554",0.648623302348914
"1555",1.20447483746543
"1556",-1.35504923107666
"1557",0.0155861468810928
"1558",-0.859466989849341
"1559",2.85193057080006
"1560",-0.57639428200797
"1561",1.51572056028382
"1562",1.68283407070459
"1563",1.39963705790287
"1564",1.13376461712311
"1565",-0.23782031550603
"1566",-3.83515100879102
"1567",0.692190778092153
"1568",1.62350583030805
"1569",1.15592032858512
"1570",1.21436923556762
"1571",1.98578085260904
"1572",0.906457956612421
"1573",0.385491315513069
"1574",2.22615935691899
"1575",1.86861672055663
"1576",-0.352052091820476
"1577",0.460139288291294
"1578",1.44891477256949
"1579",1.4615110532911
"1580",0.187783597711448
"1581",0.694638745034194
"1582",1.71508628839499
"1583",2.37343908586507
"1584",1.44134499466504
"1585",2.17085640273361
"1586",8.08546742391991
"1587",1.26950621565286
"1588",1.14129868588042
"1589",-1.00840191289956
"1590",0.614223240429371
"1591",-0.306801696743607
"1592",-2.47355686039528
"1593",2.0591067789866
"1594",1.19838370294316
"1595",3.2567083378905
"1596",-0.497313464249049
"1597",5.12528636067239
"1598",0.854996532057532
"1599",1.9538090246112
"1600",0.408240383031103
"1601",1.85452387497562
"1602",1.69122000964894
"1603",-2.07578331028975
"1604",0.252694773604332
"1605",3.78059980933556
"1606",-0.933220169945065
"1607",0.869574548273638
"1608",0.46232489483258
"1609",-0.352455056257177
"1610",0.049118388123398
"1611",-0.466841901246647
"1612",-0.421408607950356
"1613",0.962542386372445
"1614",-0.112545636352612
"1615",-0.820756939532131
"1616",2.33995157836707
"1617",2.43261530759867
"1618",-0.552379197424481
"1619",1.57485050138366
"1620",2.23889819390658
"1621",0.0641905351421809
"1622",0.829639583244123
"1623",0.753674818366168
"1624",9.20669785791575
"1625",1.04973596740671
"1626",1.48746566589769
"1627",-0.0172068697324544
"1628",-0.083167778098725
"1629",-2.04064694902483
"1630",-0.863987705341638
"1631",1.48705911772694
"1632",1.92925272015433
"1633",-3.31257388700779
"1634",0.993875563688975
"1635",-0.724706920551573
"1636",0.0680425495056974
"1637",1.68921578565216
"1638",1.13308564702336
"1639",0.134633351479692
"1640",-0.536212206711304
"1641",0.30624270303267
"1642",1.79524773756267
"1643",-0.631296771371022
"1644",1.8108682288075
"1645",-0.34492621211377
"1646",1.11233315997395
"1647",-0.0522730254667046
"1648",4.352179372461
"1649",-0.496429529623074
"1650",5.10294838720043
"1651",1.97500878168139
"1652",1.2891624016554
"1653",0.66455250924022
"1654",1.48819059947688
"1655",-3.41829041870001
"1656",2.0127976828456
"1657",-0.130728277239286
"1658",3.22410914565192
"1659",1.2583619782735
"1660",-0.878330268833806
"1661",0.984934580689959
"1662",-5.57155092937289
"1663",0.497170297846792
"1664",0.147470103124457
"1665",2.11007285035988
"1666",1.76537217643412
"1667",3.1325823335851
"1668",7.7507045124353
"1669",0.408253717388251
"1670",0.112523866368973
"1671",1.29309240892068
"1672",0.970893896591189
"1673",-0.668410554555737
"1674",-1.75180158232514
"1675",0.528588044961248
"1676",0.441281880894362
"1677",-3.2408567032983
"1678",1.302469216085
"1679",0.673703323028074
"1680",-0.66702689520639
"1681",1.07807251119887
"1682",8.26331298684566
"1683",1.26840369745995
"1684",2.12254098193702
"1685",2.86626144402842
"1686",2.09693490033384
"1687",1.56573595933711
"1688",-0.134879346514763
"1689",0.444459443006326
"1690",-1.45662072455693
"1691",0.646172946208293
"1692",0.237062749980329
"1693",-0.88838297281988
"1694",2.82402651804529
"1695",3.72873516137948
"1696",-0.0236123060458354
"1697",1.68198364023274
"1698",0.462123029570353
"1699",-0.695419495408727
"1700",9.26788808396129
"1701",-0.399232177811716
"1702",0.524899926537624
"1703",-4.36663361291322
"1704",0.00274009273741065
"1705",-0.618986309906153
"1706",9.81371781943094
"1707",-0.770021307056029
"1708",-1.96443400821659
"1709",0.887341959255605
"1710",4.19950534871087
"1711",0.275368447057158
"1712",-1.35908004607984
"1713",-1.03166799895393
"1714",5.87503024681853
"1715",-2.6488270745313
"1716",1.1980103588336
"1717",-2.73163594744097
"1718",-0.315825842850798
"1719",0.70766685669308
"1720",-1.94848605300092
"1721",-5.22631133705954
"1722",-2.65002933798272
"1723",-1.34311104606175
"1724",-0.933790016719537
"1725",-0.0439751184036568
"1726",0.370975297872122
"1727",3.77692468621488
"1728",-1.1978113108353
"1729",0.310800082517272
"1730",-7.3518871703382
"1731",3.47488809940108
"1732",0.210189725411253
"1733",0.370883630012609
"1734",0.108685175545377
"1735",2.0966622096198
"1736",-0.585127273111915
"1737",0.106666577374691
"1738",0.728846558022856
"1739",2.79615504979006
"1740",1.4605854432382
"1741",1.13852921935102
"1742",-0.435161840945186
"1743",0.135025988436636
"1744",-2.14745425479667
"1745",-0.987049703061839
"1746",8.75229012713937
"1747",-0.999381338366345
"1748",-1.49460577711061
"1749",0.814205325793679
"1750",2.05408853496216
"1751",2.42087549738368
"1752",0.419122975104144
"1753",-0.382889145224978
"1754",0.600102831287418
"1755",0.635314767350198
"1756",-0.598291246924348
"1757",-1.22563368572569
"1758",-1.38314772992361
"1759",0.815892873689495
"1760",-0.831918855084879
"1761",2.90967575930033
"1762",0.395366613663676
"1763",1.73872116061208
"1764",1.47932458978868
"1765",1.16233151016662
"1766",-0.771739073468982
"1767",-0.0884464515572906
"1768",1.69257961001659
"1769",5.40025517125391
"1770",-0.513821803243157
"1771",1.56960461769016
"1772",1.74307623791914
"1773",-0.642187486224408
"1774",1.58454519911278
"1775",0.293408525627954
"1776",3.04216775230252
"1777",1.9755819817829
"1778",2.54792446369628
"1779",0.747353787696888
"1780",0.269518699896063
"1781",3.79745128706442
"1782",-0.492101299503364
"1783",0.299381298936257
"1784",0.421646548127194
"1785",-0.187428071732365
"1786",1.78024527415354
"1787",2.30604611570539
"1788",1.87861283723737
"1789",3.29394715689033
"1790",1.54084479968076
"1791",1.7857340054353
"1792",0.776135409790163
"1793",1.8997069763926
"1794",1.98019499573506
"1795",-0.781946592247545
"1796",1.53117841414236
"1797",-0.464486334961851
"1798",0.983759773179049
"1799",-1.16543026526532
"1800",1.74605709682379
"1801",-0.873583083252607
"1802",0.985638270602641
"1803",-0.990874631639656
"1804",0.480164004229896
"1805",0.46331748271882
"1806",0.927042187204287
"1807",0.279245475303536
"1808",-0.792361709280844
"1809",0.469203294473836
"1810",3.38728477611023
"1811",1.08073558761976
"1812",1.96542302513376
"1813",-0.399222482492745
"1814",-0.108412464786287
"1815",3.66491194046673
"1816",-0.495263166953417
"1817",-0.121747820324552
"1818",0.348931670700317
"1819",1.52757132210139
"1820",1.85806497988364
"1821",3.78883424277809
"1822",-0.305925736700628
"1823",1.7541165056858
"1824",4.33725679788452
"1825",1.94181256574758
"1826",-1.88195616854184
"1827",-0.921726428188894
"1828",2.67516114591592
"1829",0.961559673174017
"1830",0.698189667439107
"1831",2.20893506057372
"1832",0.876667474770691
"1833",2.61170168457947
"1834",-0.257980372841718
"1835",1.49839669238829
"1836",1.85128825660589
"1837",-0.22385903786542
"1838",2.26275755531063
"1839",-0.58119637107409
"1840",1.96758328536866
"1841",-0.032938326133417
"1842",1.29483439051703
"1843",0.00892314329498905
"1844",-0.317625891593067
"1845",-1.23168264233187
"1846",0.49540594014154
"1847",0.501734825458951
"1848",-0.936382856445738
"1849",0.874273848450471
"1850",-3.23267110771781
"1851",-0.158694426201083
"1852",3.26360262674954
"1853",-0.0712989421896169
"1854",2.54438036650069
"1855",1.63917671808645
"1856",1.00497098764955
"1857",3.00406633072476
"1858",-0.0472552286917878
"1859",1.03845724017584
"1860",0.563672777215119
"1861",-0.74223429860126
"1862",-0.298786422519135
"1863",-0.391468861575235
"1864",1.87136876180497
"1865",1.67812859466354
"1866",1.28000137626061
"1867",-0.43242617828031
"1868",1.22051082139083
"1869",-0.10528008247496
"1870",-0.781567168276122
"1871",-1.37034028273672
"1872",3.70072824803439
"1873",-2.36973322524172
"1874",-0.385169287412262
"1875",3.35154035919644
"1876",0.0768165272424606
"1877",-0.63617993205568
"1878",8.41861647306149
"1879",1.1576893703443
"1880",-1.48126227804141
"1881",-0.0545149936651961
"1882",0.770608000000588
"1883",0.18700861029354
"1884",2.61199183292171
"1885",1.71088778915217
"1886",1.31625366668487
"1887",0.293019986858729
"1888",1.48243998177504
"1889",-1.83455590274589
"1890",2.68668995819331
"1891",5.80430924302248
"1892",0.374702767400073
"1893",-0.599005385246091
"1894",1.84875907315096
"1895",-1.11298571877117
"1896",0.66925311396551
"1897",1.81028575985047
"1898",-3.03498246919539
"1899",1.22956522871839
"1900",0.292484352659332
"1901",1.1386042398877
"1902",1.08297685360939
"1903",-0.375606690368515
"1904",2.80165062105094
"1905",7.90340920570497
"1906",0.23460985016938
"1907",-0.222343696142668
"1908",0.617876520770404
"1909",0.264757659157234
"1910",-0.156365929293656
"1911",1.82236974243491
"1912",-0.242839122675419
"1913",1.90453722330567
"1914",12.1543447407251
"1915",0.522085618089424
"1916",-1.76352682506813
"1917",-0.456409931946253
"1918",1.8523968961576
"1919",-0.131224801712799
"1920",0.0263430107050524
"1921",0.964974315690332
"1922",1.64569391105386
"1923",-2.55657382254901
"1924",-0.557176372897268
"1925",-0.497521558985894
"1926",1.1199721898781
"1927",0.066156667374583
"1928",1.53094992248898
"1929",0.191024381609967
"1930",0.669610074943443
"1931",1.39445788317906
"1932",1.80284310530846
"1933",0.5052412407288
"1934",2.93509419105276
"1935",-0.188071579407506
"1936",-3.2768674541469
"1937",0.041412370596422
"1938",-1.44894707387985
"1939",-0.427123751991162
"1940",1.56779518934062
"1941",0.0848628062248981
"1942",-0.032360748057973
"1943",1.2985491524189
"1944",-0.29105944915233
"1945",0.768431540498991
"1946",-0.931131987790331
"1947",0.423858216338603
"1948",-0.984713483779451
"1949",4.07713077152039
"1950",0.131281193015672
"1951",-0.383354392657473
"1952",1.00509590731443
"1953",-0.948660049110991
"1954",-1.9685840478459
"1955",-0.83366752210889
"1956",0.480101843222043
"1957",2.25520945498758
"1958",0.710241836507076
"1959",2.47628345247852
"1960",0.260798410170187
"1961",1.22110679085194
"1962",2.52025709650586
"1963",1.46661214453336
"1964",-0.339584670594123
"1965",-0.877833803515092
"1966",1.48764035897343
"1967",1.01932087829028
"1968",3.92921541260209
"1969",0.850564885663743
"1970",-0.397158354987408
"1971",-0.53027561962721
"1972",-0.244985908307733
"1973",0.222209156742111
"1974",-0.269913373918529
"1975",-1.98975431009371
"1976",0.300075241622744
"1977",-0.868484804857226
"1978",1.69577887638009
"1979",2.18000378975418
"1980",0.133991015622044
"1981",1.00701174483836
"1982",1.75807461694668
"1983",-1.88802915234573
"1984",1.02000012952671
"1985",1.13594361218728
"1986",3.35630506401827
"1987",-0.195488130594479
"1988",-0.0594649532542309
"1989",-1.39678694205567
"1990",-0.513177156560494
"1991",1.00680867014047
"1992",-0.313947074322877
"1993",0.651691144902585
"1994",-0.49615207378743
"1995",-0.0655110681202283
"1996",-2.57070462868562
"1997",4.81486486780063
"1998",2.9705766847154
"1999",1.23427191250006
"2000",0.0590956631729134
"2001",2.3636096822597
"2002",1.23415048521407
"2003",0.932605602343791
"2004",-0.551961403626573
"2005",2.77189350430972
"2006",-0.892172030501001
"2007",-0.0180197015430942
"2008",0.857062973790295
"2009",1.14923895119498
"2010",-0.372801533601927
"2011",1.42046393467918
"2012",1.42474657541179
"2013",0.794402450915412
"2014",1.01231461242706
"2015",-0.51335993899813
"2016",1.25511757678565
"2017",0.605815865387703
"2018",-0.00315192627289122
"2019",1.06209685677424
"2020",-0.86300669562877
"2021",-0.813015035636797
"2022",-0.694926698086586
"2023",4.34397515430231
"2024",1.28256324231222
"2025",2.98362617179746
"2026",0.894984135197812
"2027",-1.62221907937421
"2028",0.0874473695790768
"2029",2.16346520812435
"2030",0.923568241439875
"2031",2.81248103633973
"2032",0.671658919225277
"2033",4.60208931366011
"2034",2.5240751826775
"2035",1.2589805339352
"2036",-8.34296550880648
"2037",4.34263404932909
"2038",0.620741111220084
"2039",0.362496838752416
"2040",-0.615019320240974
"2041",0.32459373398581
"2042",-0.19267827875409
"2043",-0.0795385007297732
"2044",1.39287350164734
"2045",-0.4539419933724
"2046",2.64119182787789
"2047",-1.48353330088565
"2048",2.21467729831313
"2049",-0.789507079509908
"2050",0.654783774155659
"2051",-1.42396287812016
"2052",1.21135145684872
"2053",-0.211790789121799
"2054",2.41485023540324
"2055",0.127705506926806
"2056",-0.256046088291603
"2057",-1.05943638646626
"2058",8.79691966043066
"2059",0.701736574548751
"2060",0.614010458681523
"2061",0.123545910682494
"2062",0.818646635606465
"2063",1.2932667881952
"2064",2.28308578649016
"2065",-1.50675666097174
"2066",0.745225976766043
"2067",-0.476305785838512
"2068",-0.667736564743004
"2069",0.017275678648473
"2070",1.11336026423008
"2071",0.206836189223097
"2072",-1.96868474089891
"2073",2.1725766411587
"2074",2.16988885457928
"2075",4.31868049732057
"2076",0.207024494725308
"2077",2.72470419237316
"2078",1.82169407829604
"2079",-0.845894187292394
"2080",-0.464242331232992
"2081",-0.139378606052767
"2082",0.145153428308698
"2083",1.20427138076236
"2084",-0.291469105591058
"2085",-3.36077448214951
"2086",-0.508307488898784
"2087",1.22435181467113
"2088",1.25210868473099
"2089",0.54634390340611
"2090",-0.803194413180903
"2091",-0.784172364242454
"2092",0.289890640254396
"2093",-0.249540130427261
"2094",0.706248334302848
"2095",1.38414824898002
"2096",-0.0239612465116763
"2097",1.02799643979216
"2098",-0.94020688613007
"2099",0.732828478042766
"2100",0.377402882540935
"2101",0.237791564637763
"2102",1.14218941126711
"2103",0.611393422847436
"2104",1.0243223393694
"2105",3.48097621279058
"2106",9.3125822924815
"2107",9.51719890878593
"2108",-0.0180017518977367
"2109",-0.0687773837134722
"2110",0.312882080392144
"2111",1.72513996508641
"2112",-0.47800929880653
"2113",-2.10095614897082
"2114",-0.744318182915522
"2115",2.18988538980076
"2116",0.237250742979411
"2117",3.04266015824839
"2118",1.41198243461855
"2119",1.63027446727956
"2120",-0.4703810678718
"2121",-0.0682094752064942
"2122",0.282731484462397
"2123",4.9068297323598
"2124",1.49098237990777
"2125",-0.168409638743787
"2126",0.104689034581573
"2127",1.53017453583168
"2128",-0.759908004256463
"2129",0.23063091976109
"2130",2.62053531808932
"2131",1.6478493623106
"2132",-0.284351560199939
"2133",-1.06334339091933
"2134",-1.03278005499805
"2135",-1.20084044293432
"2136",-1.5418689831136
"2137",-0.726271977630767
"2138",-0.327492770757242
"2139",-0.140061232831432
"2140",0.464083048495367
"2141",-1.10739543808843
"2142",-0.559242813644898
"2143",-0.487503733772993
"2144",0.215748266019552
"2145",-1.43582015331537
"2146",1.74490925491626
"2147",2.31805275994396
"2148",8.42115143242078
"2149",-0.0115737771029019
"2150",4.07492715425925
"2151",4.51025704664415
"2152",0.300607475093094
"2153",-8.43482358331861
"2154",0.642861091478814
"2155",3.70810983385357
"2156",-1.15823402106245
"2157",1.148017670013
"2158",0.38690479221889
"2159",2.45853073651219
"2160",3.95858716941907
"2161",-1.05328466008185
"2162",0.0212208759675515
"2163",1.79258980097757
"2164",1.65933202384341
"2165",6.24347176520493
"2166",0.0995885916897364
"2167",0.283259444471758
"2168",0.530708366678484
"2169",2.42262835537964
"2170",2.21764743059699
"2171",1.39908852128357
"2172",-1.09091482613094
"2173",0.399387897453711
"2174",0.471886181867862
"2175",0.851284748261484
"2176",-0.590891518825659
"2177",-0.563101384944033
"2178",1.16577729249777
"2179",0.173305980355788
"2180",-0.615860228006095
"2181",1.4867052442271
"2182",1.31298080359283
"2183",0.518672448922027
"2184",-0.02037674050889
"2185",1.41668386798239
"2186",1.74859986655886
"2187",2.19831122309635
"2188",1.23110313149499
"2189",1.48283770140966
"2190",2.17633712147056
"2191",2.75366758201756
"2192",3.74000476538723
"2193",2.37545376382686
"2194",0.156278952288239
"2195",0.559433408479563
"2196",1.16295742963238
"2197",0.395352670219659
"2198",2.47250302839998
"2199",1.40968868350825
"2200",-0.24071814394378
"2201",-0.27309130358704
"2202",-0.183541973594698
"2203",9.32379979726532
"2204",-0.35991826529781
"2205",1.97017859088065
"2206",0.976456710279989
"2207",2.02113009562276
"2208",-0.689131679524008
"2209",-0.134987183281423
"2210",0.708080257659249
"2211",-0.157746707747856
"2212",-0.957777886815316
"2213",1.14518772293164
"2214",-1.94142633614759
"2215",-0.0314624721130442
"2216",-1.39310214641122
"2217",0.314677698041168
"2218",0.71442378671886
"2219",2.92683960404622
"2220",0.373491305051942
"2221",0.48592718936006
"2222",-0.0597604871476314
"2223",0.278588474776507
"2224",0.948369542190594
"2225",-0.340037048084806
"2226",1.03438588101797
"2227",2.67043908820134
"2228",0.161426964497288
"2229",-2.23557341020145
"2230",-0.0841258527975683
"2231",-1.93632433780177
"2232",1.63475834683361
"2233",-1.06332931450578
"2234",-0.815304279714871
"2235",0.315454175081469
"2236",1.117137379558
"2237",7.81698254668501
"2238",-1.56633214561676
"2239",3.64266784601796
"2240",0.233453110534624
"2241",0.821179119674546
"2242",2.34903384615792
"2243",1.31475404843556
"2244",0.30318201810605
"2245",1.98700215840346
"2246",4.02296616687503
"2247",2.79577981168418
"2248",0.892751950662056
"2249",-0.200290039472465
"2250",-1.36479662719576
"2251",1.11029153565918
"2252",-0.454696418937197
"2253",-1.34669092480471
"2254",-0.050805612020527
"2255",-5.2941303256985
"2256",0.0999860460684472
"2257",2.49245072228101
"2258",1.20216538666783
"2259",2.9630877647783
"2260",3.07099125938656
"2261",2.26302348318254
"2262",-1.01147589707367
"2263",-2.09629953067091
"2264",4.14330309783336
"2265",-0.1424687198924
"2266",-2.3129376694975
"2267",1.26147103685244
"2268",-0.107029061493941
"2269",-1.00320090274542
"2270",3.08979771785036
"2271",1.0267226618943
"2272",0.232676875814585
"2273",0.617894606812854
"2274",0.429782606728189
"2275",8.18360769489517
"2276",0.986012187851357
"2277",0.924067324131829
"2278",8.40149980245396
"2279",-1.9146352345532
"2280",0.311385155712899
"2281",0.255893781207778
"2282",0.337368659385438
"2283",-0.138771033247666
"2284",-0.0640776607498052
"2285",1.23463997201393
"2286",0.188364309389597
"2287",3.08140269983609
"2288",0.539348072976889
"2289",0.718930661047509
"2290",1.78728858667753
"2291",-0.552811093207134
"2292",1.39871511085419
"2293",2.53138846767446
"2294",1.30263817349927
"2295",2.71136808486036
"2296",11.498416896773
"2297",0.75200496267018
"2298",1.43138054459708
"2299",0.554866476069597
"2300",-1.18230199221495
"2301",-0.66855141674414
"2302",0.845497066829442
"2303",2.51699430551032
"2304",1.59792314724195
"2305",1.5646957978212
"2306",2.50917480580937
"2307",2.49934129396698
"2308",-0.917503472158328
"2309",1.78331763000272
"2310",-0.825997113732498
"2311",1.9564120231226
"2312",2.83252170001031
"2313",-0.252844956674169
"2314",2.89145282245577
"2315",1.98488667170993
"2316",1.80404936410589
"2317",2.99023862731418
"2318",1.22444608486677
"2319",-0.441749866654555
"2320",2.35699909498968
"2321",-0.334413433009282
"2322",2.12967498310277
"2323",2.82463846738422
"2324",0.503179012356859
"2325",-0.0095208307003521
"2326",0.401629489354799
"2327",-1.14068904555171
"2328",2.13612583071742
"2329",-1.07451588204238
"2330",0.347729019111411
"2331",-3.65535639357134
"2332",-2.0135074627266
"2333",-0.310475455718319
"2334",-0.574085396844422
"2335",1.19877767830128
"2336",-0.541274392718834
"2337",0.163529115555074
"2338",1.52524905601093
"2339",-0.378703613237077
"2340",3.87911670460917
"2341",-0.365718653424489
"2342",2.0877748054058
"2343",8.10299128665137
"2344",-0.445399688083976
"2345",1.38931190829807
"2346",1.44331390376784
"2347",2.31676471868797
"2348",-0.419165396028448
"2349",-1.49889661423026
"2350",0.661150097858052
"2351",2.65561091034521
"2352",-0.849329509779363
"2353",-0.491108369340743
"2354",2.88805302211561
"2355",1.09839142480241
"2356",-0.161436286127436
"2357",0.926800427948939
"2358",0.593545420629677
"2359",-0.0380894742898741
"2360",0.406072704061365
"2361",-0.240839185348475
"2362",1.26508816364855
"2363",-0.0778086129764968
"2364",1.04104897029955
"2365",1.32745393909283
"2366",2.17892950098453
"2367",0.337692621540727
"2368",3.85515454061002
"2369",2.52693009069585
"2370",2.61210830884849
"2371",-2.35120133970409
"2372",-0.00780875415140309
"2373",1.26493830435952
"2374",-0.494632895072176
"2375",4.23358594444419
"2376",-0.0948970904589349
"2377",-0.199248309967305
"2378",0.537990293074892
"2379",2.8701614709795
"2380",0.0082378342266891
"2381",-0.800103015473767
"2382",0.979842150998261
"2383",1.44901180825022
"2384",-1.82117977896764
"2385",2.58208803566647
"2386",2.46674924038928
"2387",0.781102886943476
"2388",0.392616551359749
"2389",3.65264725310682
"2390",0.0321685480385269
"2391",1.20292175410964
"2392",-2.19476635851661
"2393",-0.166974961315841
"2394",-2.0196955704256
"2395",-2.18882755628567
"2396",3.25126533559305
"2397",1.83439090615815
"2398",-2.21474075622919
"2399",1.93555924979641
"2400",2.47814309594814
"2401",-0.374447918567025
"2402",-3.0093233419572
"2403",-0.324858804502715
"2404",1.72110544469089
"2405",-0.0027334327261698
"2406",-0.247114849058927
"2407",-0.57903582954681
"2408",2.52734771484966
"2409",0.0362828237525182
"2410",0.0138242336704415
"2411",-3.16965010340907
"2412",1.19601603442241
"2413",-2.23467066646301
"2414",0.892372562180079
"2415",1.35471706292989
"2416",-0.722833325259416
"2417",1.43374863699011
"2418",2.57862381237973
"2419",0.191871006758487
"2420",0.799605282857983
"2421",0.340529898630078
"2422",-0.127993316196741
"2423",0.0745932167826596
"2424",0.99772079478116
"2425",-0.331688762081525
"2426",-1.32433654373232
"2427",1.65710170580348
"2428",1.76050961084346
"2429",-0.0942328718825549
"2430",9.97769778506366
"2431",2.42947181745383
"2432",1.02388626718481
"2433",2.04075453240163
"2434",2.48783365047055
"2435",-0.473363299664949
"2436",1.27006527186709
"2437",1.19846198831139
"2438",1.30829916193894
"2439",1.88051247326843
"2440",0.11105379530667
"2441",2.15013711800628
"2442",-0.0503143317603638
"2443",0.0152544672712487
"2444",2.98692129114503
"2445",-0.10337879121785
"2446",3.92074932578626
"2447",0.177168301299794
"2448",5.55244097592406
"2449",-0.820816019179729
"2450",0.50329353616083
"2451",-0.924324607655698
"2452",0.928562090855594
"2453",1.99088449380515
"2454",1.62229428309111
"2455",0.983481548810771
"2456",-0.400987608256918
"2457",0.0325497064575185
"2458",2.96752096770247
"2459",0.450333718750374
"2460",2.43961146498388
"2461",-1.29622758931382
"2462",1.61527273489455
"2463",0.709224545789812
"2464",-1.02423494836676
"2465",3.26574986509176
"2466",1.94813200384244
"2467",3.58721322869038
"2468",-2.55279246066065
"2469",-1.80097296521616
"2470",1.73584087676696
"2471",4.16283770961026
"2472",3.53726462645535
"2473",-0.346978083438715
"2474",-1.18857975335447
"2475",2.71765974021688
"2476",1.47004508855767
"2477",0.797221219992391
"2478",0.0587708907951996
"2479",0.912911136773469
"2480",1.74195177991181
"2481",0.141542992351723
"2482",1.02320145131413
"2483",-0.0230459139602932
"2484",2.74544039990349
"2485",2.0957640004124
"2486",4.09566437254329
"2487",2.11078792724661
"2488",0.715031988492216
"2489",-0.34530539808033
"2490",2.11556136009108
"2491",0.230681389477294
"2492",5.31641479181969
"2493",1.81207620130397
"2494",0.0602052805279063
"2495",0.587204735132601
"2496",7.47737030805906
"2497",1.38471176115274
"2498",0.294085558488049
"2499",3.64288425068375
"2500",0.93526643476126
"2501",1.53126133298023
"2502",0.240158308917933
"2503",-0.207903200552477
"2504",2.23513842521185
"2505",-0.669743726394264
"2506",2.88033693745889
"2507",-0.328809035021825
"2508",1.30007630186964
"2509",1.23819233340243
"2510",-0.259496904685691
"2511",0.178674310856002
"2512",1.15538207113848
"2513",-0.0544919660149561
"2514",2.43642210882641
"2515",1.39406495671705
"2516",0.611880656655417
"2517",-2.29277839598573
"2518",1.39930846445784
"2519",1.20256873443329
"2520",-0.391422115087702
"2521",-2.98035215095779
"2522",-0.0177678253034089
"2523",2.79115852172881
"2524",3.48734382622722
"2525",0.276432160097291
"2526",-1.53403346718539
"2527",-1.08753208821162
"2528",2.85281912765507
"2529",-0.568986397322145
"2530",-0.0469989152989167
"2531",2.00671132687182
"2532",-1.59555595219908
"2533",-1.03477102258579
"2534",2.35558612469207
"2535",2.90779355192668
"2536",2.37810997634061
"2537",-0.613113027800654
"2538",0.782086024496603
"2539",3.3141790977927
"2540",9.05772270351826
"2541",2.31598311089357
"2542",5.09250929484415
"2543",-0.804901746036366
"2544",11.9368833533165
"2545",-2.60239175625416
"2546",1.7027080461048
"2547",0.608758161945149
"2548",-3.22013919028018
"2549",-0.0500541028103
"2550",2.399923080713
"2551",0.880184667231016
"2552",0.295272318716265
"2553",3.10029223816137
"2554",-1.17856765296315
"2555",0.496098656943537
"2556",1.4270966545727
"2557",3.18679956250155
"2558",3.07842171547958
"2559",-0.440330359680524
"2560",0.649286984971482
"2561",-2.46184319803131
"2562",-1.48435255922619
"2563",2.86464875093003
"2564",1.10700843150063
"2565",2.69742141761157
"2566",-7.25044534918961
"2567",-1.04171556490403
"2568",2.17431181627503
"2569",3.37375591064071
"2570",-0.173170714448474
"2571",0.433313416533299
"2572",1.08304423734416
"2573",0.726691333158264
"2574",1.62285022909209
"2575",1.99602811880761
"2576",1.71572350028715
"2577",-1.52638750139789
"2578",0.956500456442466
"2579",1.88628249099727
"2580",-2.51948212959242
"2581",2.92316467532128
"2582",1.45904705130682
"2583",3.7311327352896
"2584",-1.16695965806852
"2585",0.711646325599399
"2586",2.23322775903401
"2587",0.795322596055925
"2588",0.388775581447593
"2589",1.31923249163668
"2590",2.06896607455882
"2591",0.493212031859064
"2592",0.285965752664643
"2593",0.771878870137951
"2594",-0.0434350489451038
"2595",1.6053305066883
"2596",3.96288343647647
"2597",1.23796183586218
"2598",1.14611121930278
"2599",2.77995424330804
"2600",0.471838104263814
"2601",1.46027980526466
"2602",0.708823618585832
"2603",-4.12796411696056
"2604",4.12084411445612
"2605",0.321841569971321
"2606",0.209882028800541
"2607",0.738277555253055
"2608",2.60385828137708
"2609",-0.063177167053643
"2610",2.43391832329528
"2611",0.658312253541184
"2612",-0.426573837546509
"2613",0.202189999262382
"2614",-0.385403243469533
"2615",0.921133716875453
"2616",-3.44263442286992
"2617",0.97761203950481
"2618",-1.96812532310281
"2619",1.16816667126586
"2620",0.463729651044443
"2621",4.28409722530447
"2622",2.78862478803652
"2623",3.58632856827641
"2624",0.955628673470405
"2625",1.06630470189711
"2626",0.253205044035672
"2627",1.28366239250389
"2628",0.363769328720719
"2629",0.162617292624567
"2630",-0.504655871312298
"2631",2.5402565895936
"2632",-0.804467624233371
"2633",1.14631308515986
"2634",-1.44871618047017
"2635",0.851591951926247
"2636",-0.757396454712444
"2637",5.69847704095864
"2638",1.17357938854867
"2639",1.58706330025535
"2640",1.53180387278519
"2641",0.345743596808368
"2642",0.395353345013775
"2643",0.950656003398691
"2644",-0.82951841103799
"2645",1.07725322918996
"2646",2.14206255428647
"2647",-0.514275978688361
"2648",1.67266036048483
"2649",2.97029088127923
"2650",0.451221242867456
"2651",-0.00269792996677301
"2652",-0.866413235400219
"2653",-0.124352714433406
"2654",-0.74121390568859
"2655",2.12535398208284
"2656",-1.11634739477379
"2657",2.75907550366857
"2658",1.64419563703297
"2659",2.6295867864833
"2660",-0.807425591551742
"2661",0.188940521080318
"2662",0.931877413438104
"2663",2.33391078427575
"2664",0.668864594118647
"2665",1.2388488405835
"2666",3.22100128251365
"2667",2.96030515777881
"2668",1.08268241514423
"2669",0.112261496671724
"2670",-1.17629825042331
"2671",-1.86457761778071
"2672",2.58114311720564
"2673",1.80296127252019
"2674",0.0195018915370006
"2675",2.47158860928992
"2676",3.03413536404545
"2677",1.4471895931797
"2678",2.21901063168358
"2679",-0.903422934755587
"2680",0.971480159704866
"2681",-0.037535997971982
"2682",0.0552991225913135
"2683",-0.729907370260448
"2684",-2.20548435888799
"2685",3.02170641647878
"2686",-1.58015525388609
"2687",2.17926945735534
"2688",2.89903648463746
"2689",1.48208022618694
"2690",1.83440182665456
"2691",-0.117164287028436
"2692",1.4255841209582
"2693",2.91904956916794
"2694",1.8630822555018
"2695",-0.466137981849705
"2696",-1.64609976665586
"2697",0.196791125962789
"2698",-0.565750733019956
"2699",-0.0706294653474801
"2700",1.44480174647758
"2701",3.41783326730728
"2702",4.95457906193409
"2703",0.361267296338991
"2704",-0.954679360526613
"2705",1.0649194845299
"2706",-0.782666305618382
"2707",0.47809353592572
"2708",-1.90697139747281
"2709",0.28085020359772
"2710",1.76881812181747
"2711",1.07705657689539
"2712",1.28763166064295
"2713",1.66693367350163
"2714",-0.137061805997399
"2715",1.96917818889385
"2716",0.450886928376679
"2717",9.82844949945902
"2718",1.40583774200989
"2719",5.09408836581744
"2720",2.42027761579838
"2721",3.25454589281365
"2722",2.6961852282709
"2723",0.556973240360841
"2724",-6.70454747588883
"2725",9.78465377251121
"2726",1.60028225449718
"2727",1.46114978882013
"2728",2.70040385087168
"2729",-1.78037943745318
"2730",1.00946011110773
"2731",2.08972645385317
"2732",4.63144163219336
"2733",0.892018432292316
"2734",-12.5659923294381
"2735",-0.0685696986952305
"2736",0.000523786065372381
"2737",-1.40589784889653
"2738",-0.108716244144541
"2739",3.72980476799311
"2740",1.34957368228935
"2741",-0.695257799768235
"2742",2.30100923108451
"2743",-0.479965766722571
"2744",0.481408996762968
"2745",-0.0465860210495991
"2746",0.497926302416254
"2747",0.581580129732565
"2748",-1.62025936631625
"2749",0.82881221108996
"2750",1.02292852161101
"2751",2.32647588630629
"2752",4.00401628097057
"2753",-0.501281642775741
"2754",1.92883211190586
"2755",-2.31618437420175
"2756",1.38953359105109
"2757",-0.878631412567082
"2758",0.308497296190799
"2759",1.18207325077415
"2760",3.26365682512046
"2761",7.93053584496395
"2762",0.948736854860419
"2763",0.369834113187613
"2764",-0.483586399052814
"2765",1.5246756829344
"2766",0.332274394867865
"2767",4.41008271522669
"2768",-0.856560772623961
"2769",1.82823644904509
"2770",-0.00292005365859201
"2771",-3.34154517449291
"2772",-0.300457271460437
"2773",0.661756753547946
"2774",4.29804952453794
"2775",0.959157751599748
"2776",0.934716977239329
"2777",1.09964840067133
"2778",1.73839826213855
"2779",-1.73928578505103
"2780",0.916254025794345
"2781",2.74235158795739
"2782",1.29773342031054
"2783",2.36556712330536
"2784",-3.22059803248467
"2785",10.2667870385894
"2786",-2.7732881318784
"2787",2.07569446364881
"2788",1.40207021521201
"2789",1.33992313209224
"2790",1.13759768631978
"2791",0.845897307624031
"2792",3.38800779585226
"2793",1.95128971503458
"2794",1.12881730199133
"2795",0.82322848645482
"2796",3.15683020778458
"2797",3.89906106436447
"2798",0.233616609307526
"2799",4.92957834389861
"2800",0.382681625028313
"2801",1.25964260087969
"2802",4.17368848386588
"2803",0.790794200810003
"2804",2.51632556353793
"2805",-0.0867606338804065
"2806",2.00654908986312
"2807",1.70425118511187
"2808",0.516435276089541
"2809",0.0672667468185989
"2810",2.34152346239342
"2811",0.831051019474197
"2812",1.2866807970543
"2813",9.17373078586113
"2814",0.618595354269463
"2815",1.72519981986574
"2816",0.0586395251293159
"2817",0.579902624544757
"2818",1.72054185487339
"2819",3.08262804572843
"2820",2.1196476478845
"2821",2.52031298281842
"2822",-2.59759055515437
"2823",2.31447595614213
"2824",-0.0212104214989727
"2825",0.608555439998558
"2826",-3.577975104848
"2827",0.356238594462992
"2828",2.93635467124923
"2829",1.53602416616434
"2830",1.24715388789501
"2831",0.317683058479782
"2832",-1.99049419776056
"2833",0.442684081682304
"2834",0.280213153365981
"2835",2.92139343322015
"2836",2.46531940778587
"2837",-1.81105973173088
"2838",1.20669111681076
"2839",-0.0150680139735726
"2840",-1.15722298896211
"2841",0.8376328252379
"2842",-0.986229886787344
"2843",-0.263881941505057
"2844",3.30835634537583
"2845",0.16400486673574
"2846",2.94741360897731
"2847",1.74445778873255
"2848",1.49069361235636
"2849",1.64962999456945
"2850",-1.23512326310349
"2851",11.5983172862955
"2852",1.88282208635187
"2853",1.27011944935124
"2854",-0.931676670438881
"2855",3.22832372803766
"2856",2.84765159945412
"2857",2.0480793912645
"2858",-3.60228623804466
"2859",1.87440705004637
"2860",0.946924564701883
"2861",1.34407835803983
"2862",2.5018296423597
"2863",1.04861776086782
"2864",1.25696254918395
"2865",0.625032948568046
"2866",-2.25897427815583
"2867",3.18461421828189
"2868",0.532236027531408
"2869",1.97708609305108
"2870",-1.66318723490318
"2871",-0.854878023171804
"2872",0.85162332431566
"2873",2.40831450533488
"2874",-0.963240614632363
"2875",-0.458248206242889
"2876",1.76155994903909
"2877",-3.3783815577086
"2878",-3.92034436268754
"2879",-1.13891673296565
"2880",2.14366322231232
"2881",3.32443660632218
"2882",0.659632792378046
"2883",-0.128375290172095
"2884",-2.09031729370948
"2885",0.330029971577517
"2886",1.01233872033854
"2887",1.57161632011405
"2888",4.72928539846017
"2889",3.79905800874284
"2890",1.53475103838832
"2891",-2.3576434045371
"2892",-0.388296669272579
"2893",-4.45457726528724
"2894",-3.0425238214711
"2895",1.37244836728396
"2896",7.39336955483331
"2897",0.786722501516668
"2898",2.93355297879862
"2899",-0.696295831209026
"2900",0.480676352177128
"2901",2.21461840409165
"2902",0.562894930743397
"2903",-0.117975534370451
"2904",1.30531248207089
"2905",1.23607593442665
"2906",1.05719610433991
"2907",-7.96044708730262
"2908",3.17972726629716
"2909",2.03682861033623
"2910",1.64067922890105
"2911",1.80619621665402
"2912",0.724804562736557
"2913",0.968090862407197
"2914",2.32101309027495
"2915",-1.77411391468884
"2916",1.94920370927291
"2917",0.873161533901015
"2918",1.84249485372988
"2919",0.930346747581181
"2920",1.30581779321842
"2921",1.23683616106779
"2922",1.48480903875235
"2923",1.84820914376501
"2924",1.27221397722857
"2925",1.74524032973657
"2926",0.958249866764652
"2927",-0.356299149145914
"2928",1.09671697554431
"2929",2.13729498755706
"2930",2.62345240832041
"2931",1.94457337047634
"2932",1.96503630128826
"2933",2.21530260353912
"2934",-0.412722561433137
"2935",0.31049145135478
"2936",0.15380131637698
"2937",4.477358414856
"2938",-0.653045009730473
"2939",3.49172251872302
"2940",2.30656571673089
"2941",1.11601941000313
"2942",3.79708727412421
"2943",4.58755332541749
"2944",2.94970269715289
"2945",3.56805140406609
"2946",1.25225067950602
"2947",2.23806476474171
"2948",1.67836839711391
"2949",-0.348813350392559
"2950",-1.1420195271521
"2951",-1.31472452486859
"2952",1.66896904320502
"2953",0.911169440500645
"2954",2.14746588208188
"2955",1.56255231150385
"2956",2.71373501755168
"2957",7.96592226198947
"2958",0.793281553281336
"2959",5.4530453986404
"2960",0.615220571211773
"2961",1.0385651194335
"2962",2.45474455010783
"2963",0.154260005967394
"2964",9.1844844850286
"2965",2.34172563426783
"2966",2.15480590703523
"2967",0.393806462470047
"2968",0.216496096679991
"2969",0.224707980458845
"2970",-0.601988585818266
"2971",-0.39897405140506
"2972",0.825986647420526
"2973",3.35048939702656
"2974",0.704665298633972
"2975",1.73531220641034
"2976",-0.638761730225072
"2977",1.30432258091429
"2978",0.802465062152697
"2979",11.8583073901126
"2980",0.326474569954724
"2981",0.657543340079895
"2982",0.409582684663326
"2983",0.69218004293389
"2984",1.16479732494373
"2985",0.378119231372982
"2986",0.592286949836027
"2987",0.114494609195522
"2988",1.25861209865683
"2989",-1.11289630356777
"2990",-0.602302448835378
"2991",2.53438999042117
"2992",2.05467090181982
"2993",-1.22273179168637
"2994",0.486522379848359
"2995",-0.46504017019432
"2996",0.83816742708295
"2997",1.94304689746793
"2998",2.81424077239145
"2999",4.60017272440017
"3000",0.691614827994505
"3001",-1.44317794626218
"3002",2.25660910134587
"3003",1.01977268547731
"3004",0.680629856877973
"3005",2.16041743849582
"3006",2.0440200075204
"3007",0.517796126994799
"3008",0.795554034613183
"3009",3.28009559960355
"3010",1.17511639687011
"3011",0.517550775713089
"3012",1.14988131285644
"3013",1.59757277753081
"3014",-2.13946680919337
"3015",1.59759482059356
"3016",4.84953294334315
"3017",2.66916999859452
"3018",2.60254069178943
"3019",0.51512219671811
"3020",1.25571686116822
"3021",-0.686463324383124
"3022",-5.19451576602404
"3023",-0.280399396090086
"3024",2.26422747270015
"3025",-0.675512983045834
"3026",0.508464632902769
"3027",1.58055468558345
"3028",1.14406275372486
"3029",-0.0601261643514673
"3030",3.20664503671947
"3031",2.08150445123791
"3032",1.60657738945605
"3033",0.555614445556964
"3034",-0.732029593923459
"3035",-0.689378456936914
"3036",1.96696876887117
"3037",0.853484631883537
"3038",2.87887734555128
"3039",1.19567301120024
"3040",2.35317930006787
"3041",4.56823669674896
"3042",0.857137473848943
"3043",-0.0674854361290315
"3044",-0.417931420063359
"3045",-0.0232667594353528
"3046",0.968015699536199
"3047",2.9453473502522
"3048",2.05283909859362
"3049",-0.83197576742312
"3050",0.379835873335362
"3051",4.98697925809257
"3052",-0.354522637171629
"3053",-0.111700435433663
"3054",0.967959174520962
"3055",2.07096416122416
"3056",-4.12373709918851
"3057",0.77676528157245
"3058",5.22052614679198
"3059",-0.489892682098463
"3060",1.32454385089657
"3061",-0.186461892806951
"3062",0.232548632260716
"3063",0.149990036019721
"3064",0.115354623991378
"3065",0.0460739866235065
"3066",3.88233853209997
"3067",-0.890754661500776
"3068",-2.35806712108158
"3069",1.10510490669673
"3070",1.96345766572298
"3071",1.30667623882102
"3072",1.5631961466687
"3073",0.45337338485812
"3074",0.835710840755519
"3075",0.859558080971898
"3076",7.59067857558482
"3077",-1.4610051814702
"3078",0.094570242036224
"3079",6.02867082779358
"3080",2.18930514925934
"3081",-0.152609525364187
"3082",1.10227641581633
"3083",0.556645467118168
"3084",2.22593556909875
"3085",4.68656435068491
"3086",1.08119614948284
"3087",0.823924586455216
"3088",-0.601837936999616
"3089",-0.7893491922057
"3090",0.0619039451459208
"3091",-1.03961346271563
"3092",0.363962618382228
"3093",0.392867652918924
"3094",1.19723978842276
"3095",-0.284876677032937
"3096",-0.977733426428613
"3097",-1.07008064568652
"3098",1.4162473391018
"3099",1.00160677211508
"3100",-0.855423489085944
"3101",0.527448424512601
"3102",1.38350610421681
"3103",1.93485073840056
"3104",2.77627305680496
"3105",0.897260370717729
"3106",1.43787209989163
"3107",1.50346730880187
"3108",2.19548975813995
"3109",-1.54385965629412
"3110",-1.18608731772818
"3111",0.840929209862288
"3112",1.45963780187443
"3113",1.47826076286264
"3114",2.67410296113706
"3115",-1.89809149986404
"3116",-0.0638993436233194
"3117",2.85285767141976
"3118",-0.804164041626899
"3119",3.81138464969382
"3120",1.94662705618428
"3121",0.0637802562068264
"3122",1.45309649761655
"3123",2.02646549584396
"3124",-1.08018827921109
"3125",-0.187771574666804
"3126",2.36112468800563
"3127",1.02680851385065
"3128",1.76626860560217
"3129",-1.64103184205852
"3130",2.30428944969386
"3131",-1.32937421507362
"3132",11.4626411423122
"3133",1.57251214326513
"3134",1.05462862969238
"3135",-0.181396028029178
"3136",-1.78198627273106
"3137",0.328863492617422
"3138",1.21969446068866
"3139",2.51569193535331
"3140",0.108549808335362
"3141",3.24376972930168
"3142",-0.87433309838945
"3143",-2.430070807504
"3144",1.32636165766106
"3145",1.15513118031794
"3146",3.06870355667476
"3147",5.59486085925441
"3148",0.243608503971665
"3149",1.28854709021894
"3150",-0.443328084193171
"3151",3.32959443723814
"3152",1.29861550881676
"3153",0.855000808176139
"3154",0.460314540715849
"3155",0.423798253212133
"3156",-0.468478552370067
"3157",-0.102110278787083
"3158",0.885462004848029
"3159",-0.0328102434978352
"3160",4.51898390644283
"3161",-0.208693960007303
"3162",7.59084102233739
"3163",1.90238047727657
"3164",-1.06632228642333
"3165",-0.356755861414619
"3166",-0.224625444777487
"3167",-0.280808135917666
"3168",2.61718793643443
"3169",-0.498144432141626
"3170",0.0739869910975224
"3171",2.06628870066882
"3172",-0.269025187319048
"3173",2.48717398720602
"3174",1.77407243172815
"3175",2.80888559536562
"3176",0.285280598497002
"3177",2.37073998906735
"3178",-1.96506672394098
"3179",8.77993388634016
"3180",-0.301244515104487
"3181",-4.47518606628638
"3182",0.734038219569703
"3183",8.54579668574258
"3184",0.496801889878546
"3185",-0.379934436931196
"3186",2.24299220704869
"3187",-3.2842649106756
"3188",0.416027316001406
"3189",5.06348975841936
"3190",-0.308943594128097
"3191",-1.75595402102507
"3192",-2.63504256594421
"3193",-1.43888221365958
"3194",-0.483858661442772
"3195",-0.244772608185462
"3196",1.17321843090332
"3197",-0.364697250994903
"3198",1.74679731138482
"3199",1.83086314786241
"3200",0.695258453989133
"3201",1.75169060571594
"3202",5.00292117669898
"3203",1.03472989165478
"3204",0.514906734192172
"3205",0.558470124615205
"3206",2.48843770504677
"3207",-0.974186192334673
"3208",-1.05279637008286
"3209",0.268859351301793
"3210",-0.67078716094143
"3211",2.61976076870072
"3212",1.43093446257414
"3213",-0.333109826100837
"3214",-0.101999507905536
"3215",-0.882792196753732
"3216",-0.14699071064479
"3217",0.711602082551557
"3218",0.434638446257872
"3219",-1.2058205355788
"3220",-1.02943764794792
"3221",2.71989110791329
"3222",-0.705507518168149
"3223",1.28045613025715
"3224",1.16908849854075
"3225",1.67629358706859
"3226",0.556316506372737
"3227",1.06430878617621
"3228",2.35186603468979
"3229",0.27257488282529
"3230",2.6939883381765
"3231",0.896025538541584
"3232",1.60291841579225
"3233",1.22001387867503
"3234",3.98349994605802
"3235",8.64331679323719
"3236",-1.21153752771209
"3237",-0.50209368387119
"3238",0.857513332587751
"3239",2.70740259378745
"3240",1.15543982542952
"3241",-0.714522105610135
"3242",-1.88447867448682
"3243",1.74643996162561
"3244",1.49472559100639
"3245",1.37248607715243
"3246",0.268914830146795
"3247",2.52895966107118
"3248",-1.34462070134268
"3249",4.86624332835067
"3250",-0.633908087463952
"3251",1.62615041526661
"3252",9.55533243628546
"3253",-2.60124723586707
"3254",0.454879061383328
"3255",2.31413871830249
"3256",1.21644945874131
"3257",2.65814730594255
"3258",1.37494365122256
"3259",-0.880774598534516
"3260",4.03063412312947
"3261",-0.583124571621492
"3262",2.66652165026615
"3263",-0.696185972652243
"3264",2.91674832889812
"3265",-1.89034373857079
"3266",-0.48781759771219
"3267",0.567650998289918
"3268",1.78906830176863
"3269",0.485137052795549
"3270",1.93602657669816
"3271",1.62025776777887
"3272",-1.88950277201119
"3273",-0.330855287267411
"3274",0.401672668579467
"3275",2.84998310932881
"3276",-0.118466621869612
"3277",0.0603213600327713
"3278",4.29110630506049
"3279",0.770951796827469
"3280",0.349029634985983
"3281",1.09759378386421
"3282",1.65304860930477
"3283",0.0111330674143153
"3284",-1.46285555769789
"3285",-0.374424133297732
"3286",-5.21738907394963
"3287",-1.80936356167274
"3288",0.867811140966651
"3289",0.483605458860422
"3290",3.88765225042104
"3291",0.0282212474377864
"3292",-1.80008717068569
"3293",1.36692190933421
"3294",7.71247327869552
"3295",2.23356721729562
"3296",-0.212406550086311
"3297",4.57232090892936
"3298",1.05708184623148
"3299",-2.14792358174604
"3300",0.695917454505498
"3301",2.07781958734195
"3302",-1.34831983861275
"3303",2.23191048693996
"3304",-1.6305254060131
"3305",0.0720148633129965
"3306",0.957835359579958
"3307",-2.558668891967
"3308",1.46795431397255
"3309",-1.66788529726567
"3310",2.65053730368198
"3311",-0.870600420046528
"3312",2.74301384976323
"3313",0.385724982440621
"3314",0.120562438078174
"3315",0.846252070273442
"3316",2.45468357688483
"3317",-0.352559506113546
"3318",-0.229852325118911
"3319",0.767235832534508
"3320",1.07483363997562
"3321",0.716693974616396
"3322",0.939717406226724
"3323",-0.047968348282901
"3324",1.83585907783172
"3325",-0.423080352860579
"3326",-0.0918979768642721
"3327",2.38697367650248
"3328",1.31157669085332
"3329",1.87566464129902
"3330",2.50454120881784
"3331",-0.610698056880697
"3332",2.70465322989306
"3333",2.75790800106023
"3334",0.61531295139446
"3335",1.57676257983892
"3336",3.45377480634756
"3337",0.867748961791513
"3338",2.05953423162651
"3339",2.37384545426896
"3340",0.0575176145067005
"3341",-0.934976633219382
"3342",0.788382057048357
"3343",0.333868679570861
"3344",-0.365473752243866
"3345",-1.60266581705412
"3346",0.186492118670557
"3347",1.40137584784533
"3348",11.5565334344411
"3349",-0.311512198030565
"3350",1.57761381721131
"3351",1.71994444121283
"3352",5.18739263485092
"3353",-1.20572678929338
"3354",-0.446525861025034
"3355",1.55572088466233
"3356",1.34510754075187
"3357",0.843976838837218
"3358",2.2248441018976
"3359",-0.11915269954674
"3360",0.209050592839364
"3361",6.87360518066238
"3362",0.460988316459294
"3363",1.71354828758629
"3364",1.40860642160407
"3365",-1.54045992896333
"3366",3.10722371939471
"3367",1.57744284641569
"3368",2.71349965112624
"3369",-1.32543772488553
"3370",3.5331684135809
"3371",-0.054641064034595
"3372",-0.389204460392371
"3373",1.33205840878782
"3374",1.42905190902206
"3375",-0.488237867436959
"3376",4.02860182570395
"3377",0.280285078592457
"3378",1.65270258357647
"3379",1.44026617636543
"3380",4.68709489637659
"3381",0.328574163157132
"3382",2.03282871610853
"3383",-1.9882256637716
"3384",1.63249866634552
"3385",4.47005515400722
"3386",-1.59095440211146
"3387",4.61114535887668
"3388",9.33934175061503
"3389",-0.40246814242252
"3390",0.914140756030286
"3391",0.347200690408159
"3392",-0.982300623265694
"3393",2.08667245195254
"3394",4.05521984318759
"3395",0.0254815948708972
"3396",1.60799729979749
"3397",0.918682457538487
"3398",0.528741787371642
"3399",-1.17241440822756
"3400",5.45683890270712
"3401",0.124865574637859
"3402",-0.189084350891402
"3403",0.225242888817667
"3404",3.00300327400691
"3405",1.1961202650592
"3406",2.85784851519426
"3407",0.228156795252006
"3408",0.0319994548474642
"3409",-0.410460072970363
"3410",2.71853938165214
"3411",1.73312926236261
"3412",-0.806306449358844
"3413",2.7705446024049
"3414",1.2930339484341
"3415",-0.849772191199197
"3416",1.75148720558376
"3417",2.61600785087912
"3418",0.570379125043542
"3419",5.64313280823508
"3420",5.07025132021909
"3421",0.780003038184598
"3422",-0.981999514634837
"3423",1.09128443938716
"3424",1.61195449490077
"3425",-0.53796762216717
"3426",0.178840375664998
"3427",-1.20300435022058
"3428",0.541203911440363
"3429",2.00399967683218
"3430",-3.46549865298009
"3431",-0.485838865721287
"3432",1.40962118581539
"3433",0.315229329938824
"3434",2.25632977688284
"3435",-0.0533509788508493
"3436",0.72931379115351
"3437",-3.35551026843031
"3438",0.558626777345933
"3439",2.07341843063168
"3440",-0.296475067306973
"3441",0.90157345411645
"3442",0.262703952190434
"3443",-0.798795193388004
"3444",-1.71316487302249
"3445",-1.13914496005116
"3446",3.0243305411472
"3447",4.19771406146888
"3448",-0.186932093093539
"3449",-1.84614130215569
"3450",-2.13506801674355
"3451",2.94264422073717
"3452",1.77576204536128
"3453",-0.851226144340863
"3454",3.1254920969686
"3455",2.19766883823369
"3456",5.20430913066618
"3457",0.914409415220545
"3458",2.96309323324571
"3459",0.632409701286843
"3460",1.4599762166071
"3461",-0.167688926979733
"3462",1.73965433913467
"3463",-2.47021482477369
"3464",0.0485319639212389
"3465",0.815388834925919
"3466",2.06185758710797
"3467",-1.62890358225046
"3468",0.455811813762101
"3469",2.16502697422959
"3470",1.95556255538274
"3471",0.568038870986588
"3472",-1.0585920309306
"3473",1.34323822819477
"3474",0.717615204174547
"3475",-1.20301224150227
"3476",-0.898431595645117
"3477",3.92524222248836
"3478",0.589630076521066
"3479",2.1104023762362
"3480",-1.01670965240887
"3481",0.7811916443162
"3482",-1.56681629953393
"3483",-1.08209285596118
"3484",0.893007605677266
"3485",0.505617631010398
"3486",0.089558263504812
"3487",0.450812012263438
"3488",3.01989152423578
"3489",1.55498306010339
"3490",-0.708640320564519
"3491",1.91447822151254
"3492",2.32230926542753
"3493",0.703445540522886
"3494",-0.652304949649449
"3495",3.05985903229048
"3496",5.74043796112236
"3497",1.69523812615327
"3498",1.45272674278727
"3499",4.87833942538395
"3500",2.02829324242678
"3501",3.88066661990656
"3502",1.12459734731695
"3503",-0.364669254453706
"3504",1.19764706388158
"3505",0.686380237336057
"3506",-3.02020313042314
"3507",0.239629881694096
"3508",-0.181131757154
"3509",-0.642288471361491
"3510",1.59996472987051
"3511",2.68991925583458
"3512",0.317085096714306
"3513",-0.218159272007942
"3514",0.743295855899762
"3515",2.66702786200832
"3516",1.7913895803423
"3517",-2.51049511614196
"3518",0.891835523944764
"3519",-1.65815127766075
"3520",2.05609971191869
"3521",1.70221329789183
"3522",-0.598185122241617
"3523",1.76302341731675
"3524",2.15482683323577
"3525",0.925986682480757
"3526",1.11773942437313
"3527",-0.805431816835227
"3528",0.117628118944898
"3529",0.402192075394161
"3530",1.39175446904255
"3531",1.5049635836252
"3532",0.980535987053057
"3533",0.910008427643103
"3534",1.89470822123339
"3535",1.79873583896106
"3536",0.612116714714197
"3537",-2.38510395505423
"3538",0.724913673868554
"3539",4.56894906025001
"3540",0.574191337718353
"3541",3.62807997771804
"3542",1.68418102002314
"3543",-1.75138131861026
"3544",2.80930831358694
"3545",-0.154230444747262
"3546",1.45123523359274
"3547",0.399566134452434
"3548",1.04439504422977
"3549",3.50658324979171
"3550",-1.01753795647767
"3551",0.89772280058715
"3552",0.152615846029923
"3553",1.0842865549599
"3554",1.74319873160918
"3555",1.38310924029115
"3556",-0.445235041664722
"3557",1.35964045945652
"3558",1.51509133863086
"3559",0.405624497204614
"3560",0.960553332589642
"3561",0.118670157364613
"3562",-1.74483379743655
"3563",6.88019681382564
"3564",4.07957160189497
"3565",-0.524334601025539
"3566",2.51810326888916
"3567",-0.453526028301595
"3568",0.233577539572987
"3569",2.36217294176118
"3570",1.9174991357743
"3571",1.37084534509832
"3572",0.437238561498158
"3573",1.00763472270908
"3574",7.66712094928289
"3575",0.168712325074269
"3576",0.838605307178712
"3577",2.32120254108939
"3578",2.40203915938983
"3579",3.51233639390562
"3580",-1.34880053841536
"3581",0.974314098091341
"3582",-0.380445648139333
"3583",0.756778356733075
"3584",-0.670111938885715
"3585",0.649293465950517
"3586",3.47060278220123
"3587",0.386164579812773
"3588",5.70120173093276
"3589",-0.55956186858207
"3590",3.60085397302272
"3591",-1.70169132765575
"3592",0.805072997424332
"3593",0.444458574420152
"3594",-0.823727895670404
"3595",-0.572949524146267
"3596",-0.985497904434991
"3597",2.11315258269064
"3598",-0.930658619151735
"3599",1.27004414599764
"3600",4.1092508646514
"3601",1.38942233344925
"3602",2.73493949112124
"3603",1.83574814557918
"3604",3.50892415376724
"3605",3.49894594741629
"3606",1.18437694394641
"3607",0.0378521908778531
"3608",-1.71994030125429
"3609",-0.141654540214576
"3610",0.677960368974789
"3611",1.75813118365419
"3612",2.09340638913588
"3613",-0.26044904681028
"3614",-2.18179832806855
"3615",2.22534379681851
"3616",0.437849974453959
"3617",0.302098776976609
"3618",0.349792839185431
"3619",-1.48372877728726
"3620",1.94822358072508
"3621",2.46935717132664
"3622",0.698589623308586
"3623",0.908326837407721
"3624",0.122760789641974
"3625",-0.217571063923582
"3626",1.42259794601536
"3627",0.282503054644051
"3628",3.51475217002838
"3629",1.72289446859944
"3630",-0.574310669247821
"3631",0.666124519595867
"3632",2.01279096800188
"3633",6.04525644892442
"3634",2.02672249717907
"3635",-0.844079134121644
"3636",2.19922670175962
"3637",0.498406131201615
"3638",4.42025852352132
"3639",-1.00631916929692
"3640",1.44217381657603
"3641",-0.194776994323414
"3642",0.780794251252125
"3643",-0.563259430086749
"3644",2.41322640488604
"3645",0.119459209659707
"3646",1.72539317954932
"3647",0.0804863073864776
"3648",0.836040415621208
"3649",3.63269543944608
"3650",2.20983136595823
"3651",1.67577799240042
"3652",2.35539034729512
"3653",0.303121744474875
"3654",2.05031746241163
"3655",0.12466771489846
"3656",-0.865731580239937
"3657",0.260732264329892
"3658",-0.438301065682
"3659",3.90791410177881
"3660",1.7030299049213
"3661",1.5604942168078
"3662",-2.50702587618951
"3663",0.651470871255833
"3664",-1.96976082634889
"3665",0.539945604224115
"3666",1.72055085365024
"3667",0.873583811005552
"3668",1.51143414563459
"3669",1.43502664402935
"3670",2.19600947541468
"3671",1.60509102807181
"3672",1.1036727107069
"3673",0.698931887557352
"3674",5.8798052584213
"3675",0.213444120327046
"3676",0.648087548426084
"3677",0.372827400123086
"3678",1.08764636695975
"3679",-0.0851428686991595
"3680",3.4166029639142
"3681",-0.855496804643525
"3682",0.842802155026829
"3683",2.60954740561108
"3684",-1.44978870414667
"3685",1.70632626640464
"3686",1.39719004499971
"3687",8.87962032305841
"3688",2.30877471751284
"3689",1.79995649683638
"3690",-0.364263939569469
"3691",0.800989277402273
"3692",-1.16888503932271
"3693",4.16633011490135
"3694",-0.711579275003852
"3695",0.155670717622775
"3696",0.580835142778299
"3697",2.37627578174695
"3698",-0.531200130561722
"3699",0.366959228326994
"3700",-0.455150310230866
"3701",2.55396419015876
"3702",1.4125814708837
"3703",2.3181776389143
"3704",3.02687114365657
"3705",1.28928179497973
"3706",-2.83080961241139
"3707",0.595003024559291
"3708",0.835123603177434
"3709",0.146471028194923
"3710",0.659824967551551
"3711",1.82398686372381
"3712",0.284338300246679
"3713",2.38430696584327
"3714",5.29445859865405
"3715",2.59233303975316
"3716",0.619668565869796
"3717",1.73620564807472
"3718",1.79963400160614
"3719",0.860883525361161
"3720",3.38867740174437
"3721",2.1316274343347
"3722",-1.69346894666196
"3723",3.26936937627269
"3724",0.429001089633131
"3725",1.17278996568323
"3726",-1.26405396036099
"3727",-0.829551511827326
"3728",1.41433737094811
"3729",0.844913041535594
"3730",2.38377712733006
"3731",2.8221156127646
"3732",0.764916074712133
"3733",-1.00530094096849
"3734",2.23335806082586
"3735",2.25996655105073
"3736",-0.959637342043056
"3737",0.790915175918035
"3738",0.885295436667531
"3739",1.35097671370808
"3740",2.13988426718517
"3741",-1.09888078076268
"3742",0.580795688260268
"3743",-0.191419385143928
"3744",1.23889993822622
"3745",1.23003497948405
"3746",2.90770121718539
"3747",-1.01442356633215
"3748",-4.23621350681134
"3749",3.16387466620353
"3750",0.848483641949998
"3751",2.64182220812135
"3752",4.01148404524457
"3753",0.110221538597036
"3754",0.823465477877216
"3755",2.63309918593243
"3756",0.825507044173777
"3757",0.627452466225856
"3758",1.16316518331005
"3759",-0.658558049947863
"3760",-1.65220466391486
"3761",-0.407280201804411
"3762",2.88017428868532
"3763",2.616689339125
"3764",-0.337591614394488
"3765",1.5347625563655
"3766",4.0403816386039
"3767",0.413833557387195
"3768",2.03504719096176
"3769",3.50641695841488
"3770",1.20823173794794
"3771",0.148753778893199
"3772",2.48340699706413
"3773",-0.621838479951037
"3774",1.24101408943154
"3775",1.19071618449465
"3776",-3.39508488169156
"3777",3.20109102692579
"3778",0.436894370687945
"3779",3.10708826159993
"3780",6.42991289032622
"3781",1.61339818382847
"3782",0.338898573187659
"3783",-1.9013057540679
"3784",8.27761359004373
"3785",1.62672198748506
"3786",2.61305644034312
"3787",3.0676104142874
"3788",0.752321898915955
"3789",2.32787049175888
"3790",1.0167823757676
"3791",0.953138630850934
"3792",-1.61719709151486
"3793",1.38734430435654
"3794",4.6710873973172
"3795",2.66965338443466
"3796",1.46744138688505
"3797",0.732189915688534
"3798",1.24354391252904
"3799",1.40229758180006
"3800",0.423910914757788
"3801",0.40500991197351
"3802",1.26793203472411
"3803",0.936900041857458
"3804",1.05567015999412
"3805",-0.440883318534582
"3806",1.79525176391722
"3807",9.66312920086791
"3808",0.959422682558686
"3809",0.565338344809749
"3810",2.82686485550629
"3811",1.62952416660378
"3812",-0.690498847408679
"3813",1.21607956409921
"3814",2.68769838977923
"3815",1.56613115238675
"3816",-3.43718725951239
"3817",3.6879424165411
"3818",0.877647311081248
"3819",0.655453804346692
"3820",-1.90136586443026
"3821",-1.00486611223306
"3822",4.37268854359922
"3823",1.9175079899805
